-- RWA ERP Demo Data Seed Script — Part 3: Invoices, Payments, Notices, Complaints
BEGIN;

-- ============================================================
-- 13. JANUARY 2026 INVOICES (for first 10 units in Wing A & B)
-- We'll create invoices for A-001 through A-401 and B-001 through B-102
-- Rates: Maintenance=3.50/sqft, Sinking=1.00/sqft, Water=500, Parking=300
-- ============================================================

-- Helper: A-001 (850 sqft): Maint=2975, Sink=850, Water=500, Park=300 = 4625
INSERT INTO invoices (id, society_id, unit_id, member_id, invoice_number, billing_month, billing_year,
  issue_date, due_date, subtotal, gst_amount, interest_amount, total_amount, paid_amount, balance_due,
  status, previous_balance)
VALUES
  ('70000000-0000-0000-0000-00000000a001', 'a0000000-0000-0000-0000-000000000001', 'e0000000-0000-0000-0000-00000000a001', '10000000-0000-0000-0000-00000000a001', 'INV-2026-01-001', 1, 2026, '2026-01-01', '2026-01-10', 4625.00, 0, 0, 4625.00, 4625.00, 0, 'paid', 0),
  -- A-002 (1050 sqft): 3675+1050+500+300=5525
  ('70000000-0000-0000-0000-00000000a002', 'a0000000-0000-0000-0000-000000000001', 'e0000000-0000-0000-0000-00000000a002', '10000000-0000-0000-0000-00000000a002', 'INV-2026-01-002', 1, 2026, '2026-01-01', '2026-01-10', 5525.00, 0, 0, 5525.00, 5525.00, 0, 'paid', 0),
  -- A-101 (850 sqft): 4625
  ('70000000-0000-0000-0000-00000000a101', 'a0000000-0000-0000-0000-000000000001', 'e0000000-0000-0000-0000-00000000a101', '10000000-0000-0000-0000-00000000a101', 'INV-2026-01-003', 1, 2026, '2026-01-01', '2026-01-10', 4625.00, 0, 0, 4625.00, 4625.00, 0, 'paid', 0),
  -- A-102 (1050 sqft): 5525
  ('70000000-0000-0000-0000-00000000a102', 'a0000000-0000-0000-0000-000000000001', 'e0000000-0000-0000-0000-00000000a102', '10000000-0000-0000-0000-00000000a102', 'INV-2026-01-004', 1, 2026, '2026-01-01', '2026-01-10', 5525.00, 0, 0, 5525.00, 0, 5525.00, 'overdue', 0),
  -- A-201 (850 sqft): 4625
  ('70000000-0000-0000-0000-00000000a201', 'a0000000-0000-0000-0000-000000000001', 'e0000000-0000-0000-0000-00000000a201', '10000000-0000-0000-0000-00000000a201', 'INV-2026-01-005', 1, 2026, '2026-01-01', '2026-01-10', 4625.00, 0, 0, 4625.00, 4625.00, 0, 'paid', 0),
  -- A-202 (1050 sqft): 5525
  ('70000000-0000-0000-0000-00000000a202', 'a0000000-0000-0000-0000-000000000001', 'e0000000-0000-0000-0000-00000000a202', '10000000-0000-0000-0000-00000000a202', 'INV-2026-01-006', 1, 2026, '2026-01-01', '2026-01-10', 5525.00, 0, 0, 5525.00, 0, 5525.00, 'overdue', 0),
  -- A-301 (1200 sqft): 4200+1200+500+300=6200
  ('70000000-0000-0000-0000-00000000a301', 'a0000000-0000-0000-0000-000000000001', 'e0000000-0000-0000-0000-00000000a301', '10000000-0000-0000-0000-00000000a301', 'INV-2026-01-007', 1, 2026, '2026-01-01', '2026-01-10', 6200.00, 0, 0, 6200.00, 6200.00, 0, 'paid', 0),
  -- A-302 (1200 sqft): 6200
  ('70000000-0000-0000-0000-00000000a302', 'a0000000-0000-0000-0000-000000000001', 'e0000000-0000-0000-0000-00000000a302', '10000000-0000-0000-0000-00000000a302', 'INV-2026-01-008', 1, 2026, '2026-01-01', '2026-01-10', 6200.00, 0, 0, 6200.00, 3000.00, 3200.00, 'partially_paid', 0),
  -- A-401 (1500 sqft): 5250+1500+500+300=7550
  ('70000000-0000-0000-0000-00000000a401', 'a0000000-0000-0000-0000-000000000001', 'e0000000-0000-0000-0000-00000000a401', '10000000-0000-0000-0000-00000000a401', 'INV-2026-01-009', 1, 2026, '2026-01-01', '2026-01-10', 7550.00, 0, 0, 7550.00, 7550.00, 0, 'paid', 0),
  -- B-001 (900 sqft): 3150+900+500+300=4850
  ('70000000-0000-0000-0000-00000000b001', 'a0000000-0000-0000-0000-000000000001', 'e0000000-0000-0000-0000-00000000b001', '10000000-0000-0000-0000-00000000b001', 'INV-2026-01-010', 1, 2026, '2026-01-01', '2026-01-10', 4850.00, 0, 0, 4850.00, 4850.00, 0, 'paid', 0),
  -- B-002 (900 sqft): 4850
  ('70000000-0000-0000-0000-00000000b002', 'a0000000-0000-0000-0000-000000000001', 'e0000000-0000-0000-0000-00000000b002', '10000000-0000-0000-0000-00000000b002', 'INV-2026-01-011', 1, 2026, '2026-01-01', '2026-01-10', 4850.00, 0, 0, 4850.00, 0, 4850.00, 'overdue', 0),
  -- B-101 (900 sqft): 4850
  ('70000000-0000-0000-0000-00000000b101', 'a0000000-0000-0000-0000-000000000001', 'e0000000-0000-0000-0000-00000000b101', '10000000-0000-0000-0000-00000000b101', 'INV-2026-01-012', 1, 2026, '2026-01-01', '2026-01-10', 4850.00, 0, 0, 4850.00, 4850.00, 0, 'paid', 0),
  -- B-102 (1100 sqft): 3850+1100+500+300=5750
  ('70000000-0000-0000-0000-00000000b102', 'a0000000-0000-0000-0000-000000000001', 'e0000000-0000-0000-0000-00000000b102', '10000000-0000-0000-0000-00000000b102', 'INV-2026-01-013', 1, 2026, '2026-01-01', '2026-01-10', 5750.00, 0, 0, 5750.00, 0, 5750.00, 'sent', 0);

-- ============================================================
-- 14. INVOICE LINE ITEMS (4 line items per invoice)
-- ============================================================
-- A-001 lines (850 sqft)
INSERT INTO invoice_line_items (id, invoice_id, society_id, charge_head_id, description, area_sqft, rate, quantity, amount, gst_rate, gst_amount, total_amount, income_account_id, sort_order) VALUES
  ('71000000-0000-0000-0001-000000000001', '70000000-0000-0000-0000-00000000a001', 'a0000000-0000-0000-0000-000000000001', '60000000-0000-0000-0000-000000000001', 'Maintenance (850 sqft x 3.50)', 850, 3.50, 1, 2975.00, 0, 0, 2975.00, '50000000-0000-0000-0000-000000003001', 1),
  ('71000000-0000-0000-0001-000000000002', '70000000-0000-0000-0000-00000000a001', 'a0000000-0000-0000-0000-000000000001', '60000000-0000-0000-0000-000000000002', 'Sinking Fund (850 sqft x 1.00)', 850, 1.00, 1, 850.00, 0, 0, 850.00, '50000000-0000-0000-0000-000000003002', 2),
  ('71000000-0000-0000-0001-000000000003', '70000000-0000-0000-0000-00000000a001', 'a0000000-0000-0000-0000-000000000001', '60000000-0000-0000-0000-000000000003', 'Water Charges', NULL, 500.00, 1, 500.00, 0, 0, 500.00, '50000000-0000-0000-0000-000000003003', 3),
  ('71000000-0000-0000-0001-000000000004', '70000000-0000-0000-0000-00000000a001', 'a0000000-0000-0000-0000-000000000001', '60000000-0000-0000-0000-000000000004', 'Parking Charges', NULL, 300.00, 1, 300.00, 0, 0, 300.00, '50000000-0000-0000-0000-000000003004', 4);

-- A-002 lines (1050 sqft)
INSERT INTO invoice_line_items (id, invoice_id, society_id, charge_head_id, description, area_sqft, rate, quantity, amount, gst_rate, gst_amount, total_amount, income_account_id, sort_order) VALUES
  ('71000000-0000-0000-0002-000000000001', '70000000-0000-0000-0000-00000000a002', 'a0000000-0000-0000-0000-000000000001', '60000000-0000-0000-0000-000000000001', 'Maintenance (1050 sqft x 3.50)', 1050, 3.50, 1, 3675.00, 0, 0, 3675.00, '50000000-0000-0000-0000-000000003001', 1),
  ('71000000-0000-0000-0002-000000000002', '70000000-0000-0000-0000-00000000a002', 'a0000000-0000-0000-0000-000000000001', '60000000-0000-0000-0000-000000000002', 'Sinking Fund (1050 sqft x 1.00)', 1050, 1.00, 1, 1050.00, 0, 0, 1050.00, '50000000-0000-0000-0000-000000003002', 2),
  ('71000000-0000-0000-0002-000000000003', '70000000-0000-0000-0000-00000000a002', 'a0000000-0000-0000-0000-000000000001', '60000000-0000-0000-0000-000000000003', 'Water Charges', NULL, 500.00, 1, 500.00, 0, 0, 500.00, '50000000-0000-0000-0000-000000003003', 3),
  ('71000000-0000-0000-0002-000000000004', '70000000-0000-0000-0000-00000000a002', 'a0000000-0000-0000-0000-000000000001', '60000000-0000-0000-0000-000000000004', 'Parking Charges', NULL, 300.00, 1, 300.00, 0, 0, 300.00, '50000000-0000-0000-0000-000000003004', 4);

-- A-301 lines (1200 sqft)
INSERT INTO invoice_line_items (id, invoice_id, society_id, charge_head_id, description, area_sqft, rate, quantity, amount, gst_rate, gst_amount, total_amount, income_account_id, sort_order) VALUES
  ('71000000-0000-0000-0007-000000000001', '70000000-0000-0000-0000-00000000a301', 'a0000000-0000-0000-0000-000000000001', '60000000-0000-0000-0000-000000000001', 'Maintenance (1200 sqft x 3.50)', 1200, 3.50, 1, 4200.00, 0, 0, 4200.00, '50000000-0000-0000-0000-000000003001', 1),
  ('71000000-0000-0000-0007-000000000002', '70000000-0000-0000-0000-00000000a301', 'a0000000-0000-0000-0000-000000000001', '60000000-0000-0000-0000-000000000002', 'Sinking Fund (1200 sqft x 1.00)', 1200, 1.00, 1, 1200.00, 0, 0, 1200.00, '50000000-0000-0000-0000-000000003002', 2),
  ('71000000-0000-0000-0007-000000000003', '70000000-0000-0000-0000-00000000a301', 'a0000000-0000-0000-0000-000000000001', '60000000-0000-0000-0000-000000000003', 'Water Charges', NULL, 500.00, 1, 500.00, 0, 0, 500.00, '50000000-0000-0000-0000-000000003003', 3),
  ('71000000-0000-0000-0007-000000000004', '70000000-0000-0000-0000-00000000a301', 'a0000000-0000-0000-0000-000000000001', '60000000-0000-0000-0000-000000000004', 'Parking Charges', NULL, 300.00, 1, 300.00, 0, 0, 300.00, '50000000-0000-0000-0000-000000003004', 4);

-- A-401 lines (1500 sqft)
INSERT INTO invoice_line_items (id, invoice_id, society_id, charge_head_id, description, area_sqft, rate, quantity, amount, gst_rate, gst_amount, total_amount, income_account_id, sort_order) VALUES
  ('71000000-0000-0000-0009-000000000001', '70000000-0000-0000-0000-00000000a401', 'a0000000-0000-0000-0000-000000000001', '60000000-0000-0000-0000-000000000001', 'Maintenance (1500 sqft x 3.50)', 1500, 3.50, 1, 5250.00, 0, 0, 5250.00, '50000000-0000-0000-0000-000000003001', 1),
  ('71000000-0000-0000-0009-000000000002', '70000000-0000-0000-0000-00000000a401', 'a0000000-0000-0000-0000-000000000001', '60000000-0000-0000-0000-000000000002', 'Sinking Fund (1500 sqft x 1.00)', 1500, 1.00, 1, 1500.00, 0, 0, 1500.00, '50000000-0000-0000-0000-000000003002', 2),
  ('71000000-0000-0000-0009-000000000003', '70000000-0000-0000-0000-00000000a401', 'a0000000-0000-0000-0000-000000000001', '60000000-0000-0000-0000-000000000003', 'Water Charges', NULL, 500.00, 1, 500.00, 0, 0, 500.00, '50000000-0000-0000-0000-000000003003', 3),
  ('71000000-0000-0000-0009-000000000004', '70000000-0000-0000-0000-00000000a401', 'a0000000-0000-0000-0000-000000000001', '60000000-0000-0000-0000-000000000004', 'Parking Charges', NULL, 300.00, 1, 300.00, 0, 0, 300.00, '50000000-0000-0000-0000-000000003004', 4);

-- ============================================================
-- 15. JOURNAL ENTRIES + LEDGER ENTRIES (for paid invoices)
-- ============================================================

-- JE-1: A-001 invoice raised
INSERT INTO journal_entries (id, society_id, entry_number, date, narration, status, source_type, source_id, financial_year) VALUES
  ('80000000-0000-0000-0000-000000000001', 'a0000000-0000-0000-0000-000000000001', 'JE-2026-001', '2026-01-01', 'Invoice INV-2026-01-001 raised for A-001', 'posted', 'invoice', '70000000-0000-0000-0000-00000000a001', '2025-2026');

INSERT INTO ledger_entries (id, society_id, journal_entry_id, account_id, debit_credit, amount, date, narration, unit_id, member_id) VALUES
  ('81000000-0000-0000-0001-000000000001', 'a0000000-0000-0000-0000-000000000001', '80000000-0000-0000-0000-000000000001', '50000000-0000-0000-0000-000000001010', 'debit', 4625.00, '2026-01-01', 'AR A-001 Jan 2026', 'e0000000-0000-0000-0000-00000000a001', '10000000-0000-0000-0000-00000000a001'),
  ('81000000-0000-0000-0001-000000000002', 'a0000000-0000-0000-0000-000000000001', '80000000-0000-0000-0000-000000000001', '50000000-0000-0000-0000-000000003001', 'credit', 2975.00, '2026-01-01', 'Maintenance Income A-001', NULL, NULL),
  ('81000000-0000-0000-0001-000000000003', 'a0000000-0000-0000-0000-000000000001', '80000000-0000-0000-0000-000000000001', '50000000-0000-0000-0000-000000003002', 'credit', 850.00, '2026-01-01', 'Sinking Fund Income A-001', NULL, NULL),
  ('81000000-0000-0000-0001-000000000004', 'a0000000-0000-0000-0000-000000000001', '80000000-0000-0000-0000-000000000001', '50000000-0000-0000-0000-000000003003', 'credit', 500.00, '2026-01-01', 'Water Income A-001', NULL, NULL),
  ('81000000-0000-0000-0001-000000000005', 'a0000000-0000-0000-0000-000000000001', '80000000-0000-0000-0000-000000000001', '50000000-0000-0000-0000-000000003004', 'credit', 300.00, '2026-01-01', 'Parking Income A-001', NULL, NULL);

-- JE-2: A-001 payment received
INSERT INTO journal_entries (id, society_id, entry_number, date, narration, status, source_type, source_id, financial_year) VALUES
  ('80000000-0000-0000-0000-000000000002', 'a0000000-0000-0000-0000-000000000001', 'JE-2026-002', '2026-01-05', 'Payment received for A-001 Jan 2026', 'posted', 'payment', '90000000-0000-0000-0000-000000000001', '2025-2026');

INSERT INTO ledger_entries (id, society_id, journal_entry_id, account_id, debit_credit, amount, date, narration, unit_id, member_id) VALUES
  ('81000000-0000-0000-0002-000000000001', 'a0000000-0000-0000-0000-000000000001', '80000000-0000-0000-0000-000000000002', '50000000-0000-0000-0000-000000001001', 'debit', 4625.00, '2026-01-05', 'Bank receipt A-001', NULL, NULL),
  ('81000000-0000-0000-0002-000000000002', 'a0000000-0000-0000-0000-000000000001', '80000000-0000-0000-0000-000000000002', '50000000-0000-0000-0000-000000001010', 'credit', 4625.00, '2026-01-05', 'AR cleared A-001', 'e0000000-0000-0000-0000-00000000a001', '10000000-0000-0000-0000-00000000a001');

-- JE-3: A-301 invoice raised
INSERT INTO journal_entries (id, society_id, entry_number, date, narration, status, source_type, source_id, financial_year) VALUES
  ('80000000-0000-0000-0000-000000000003', 'a0000000-0000-0000-0000-000000000001', 'JE-2026-003', '2026-01-01', 'Invoice INV-2026-01-007 raised for A-301', 'posted', 'invoice', '70000000-0000-0000-0000-00000000a301', '2025-2026');

INSERT INTO ledger_entries (id, society_id, journal_entry_id, account_id, debit_credit, amount, date, narration, unit_id, member_id) VALUES
  ('81000000-0000-0000-0003-000000000001', 'a0000000-0000-0000-0000-000000000001', '80000000-0000-0000-0000-000000000003', '50000000-0000-0000-0000-000000001010', 'debit', 6200.00, '2026-01-01', 'AR A-301 Jan 2026', 'e0000000-0000-0000-0000-00000000a301', '10000000-0000-0000-0000-00000000a301'),
  ('81000000-0000-0000-0003-000000000002', 'a0000000-0000-0000-0000-000000000001', '80000000-0000-0000-0000-000000000003', '50000000-0000-0000-0000-000000003001', 'credit', 4200.00, '2026-01-01', 'Maintenance Income A-301', NULL, NULL),
  ('81000000-0000-0000-0003-000000000003', 'a0000000-0000-0000-0000-000000000001', '80000000-0000-0000-0000-000000000003', '50000000-0000-0000-0000-000000003002', 'credit', 1200.00, '2026-01-01', 'Sinking Fund Income A-301', NULL, NULL),
  ('81000000-0000-0000-0003-000000000004', 'a0000000-0000-0000-0000-000000000001', '80000000-0000-0000-0000-000000000003', '50000000-0000-0000-0000-000000003003', 'credit', 500.00, '2026-01-01', 'Water Income A-301', NULL, NULL),
  ('81000000-0000-0000-0003-000000000005', 'a0000000-0000-0000-0000-000000000001', '80000000-0000-0000-0000-000000000003', '50000000-0000-0000-0000-000000003004', 'credit', 300.00, '2026-01-01', 'Parking Income A-301', NULL, NULL);

-- JE-4: A-301 payment received
INSERT INTO journal_entries (id, society_id, entry_number, date, narration, status, source_type, source_id, financial_year) VALUES
  ('80000000-0000-0000-0000-000000000004', 'a0000000-0000-0000-0000-000000000001', 'JE-2026-004', '2026-01-08', 'Payment received for A-301 Jan 2026', 'posted', 'payment', '90000000-0000-0000-0000-000000000003', '2025-2026');

INSERT INTO ledger_entries (id, society_id, journal_entry_id, account_id, debit_credit, amount, date, narration, unit_id, member_id) VALUES
  ('81000000-0000-0000-0004-000000000001', 'a0000000-0000-0000-0000-000000000001', '80000000-0000-0000-0000-000000000004', '50000000-0000-0000-0000-000000001001', 'debit', 6200.00, '2026-01-08', 'Bank receipt A-301', NULL, NULL),
  ('81000000-0000-0000-0004-000000000002', 'a0000000-0000-0000-0000-000000000001', '80000000-0000-0000-0000-000000000004', '50000000-0000-0000-0000-000000001010', 'credit', 6200.00, '2026-01-08', 'AR cleared A-301', 'e0000000-0000-0000-0000-00000000a301', '10000000-0000-0000-0000-00000000a301');

-- ============================================================
-- 16. PAYMENTS
-- ============================================================
INSERT INTO payments (id, society_id, invoice_id, unit_id, member_id, receipt_number, amount, payment_date, payment_method, status, journal_entry_id) VALUES
  ('90000000-0000-0000-0000-000000000001', 'a0000000-0000-0000-0000-000000000001', '70000000-0000-0000-0000-00000000a001', 'e0000000-0000-0000-0000-00000000a001', '10000000-0000-0000-0000-00000000a001', 'RCT-2026-001', 4625.00, '2026-01-05', 'upi', 'captured', '80000000-0000-0000-0000-000000000002'),
  ('90000000-0000-0000-0000-000000000002', 'a0000000-0000-0000-0000-000000000001', '70000000-0000-0000-0000-00000000a002', 'e0000000-0000-0000-0000-00000000a002', '10000000-0000-0000-0000-00000000a002', 'RCT-2026-002', 5525.00, '2026-01-04', 'razorpay', 'captured', NULL),
  ('90000000-0000-0000-0000-000000000003', 'a0000000-0000-0000-0000-000000000001', '70000000-0000-0000-0000-00000000a101', 'e0000000-0000-0000-0000-00000000a101', '10000000-0000-0000-0000-00000000a101', 'RCT-2026-003', 4625.00, '2026-01-06', 'neft', 'captured', NULL),
  ('90000000-0000-0000-0000-000000000004', 'a0000000-0000-0000-0000-000000000001', '70000000-0000-0000-0000-00000000a201', 'e0000000-0000-0000-0000-00000000a201', '10000000-0000-0000-0000-00000000a201', 'RCT-2026-004', 4625.00, '2026-01-03', 'cheque', 'captured', NULL),
  ('90000000-0000-0000-0000-000000000005', 'a0000000-0000-0000-0000-000000000001', '70000000-0000-0000-0000-00000000a301', 'e0000000-0000-0000-0000-00000000a301', '10000000-0000-0000-0000-00000000a301', 'RCT-2026-005', 6200.00, '2026-01-08', 'upi', 'captured', '80000000-0000-0000-0000-000000000004'),
  ('90000000-0000-0000-0000-000000000006', 'a0000000-0000-0000-0000-000000000001', '70000000-0000-0000-0000-00000000a302', 'e0000000-0000-0000-0000-00000000a302', '10000000-0000-0000-0000-00000000a302', 'RCT-2026-006', 3000.00, '2026-01-12', 'cash', 'captured', NULL),
  ('90000000-0000-0000-0000-000000000007', 'a0000000-0000-0000-0000-000000000001', '70000000-0000-0000-0000-00000000a401', 'e0000000-0000-0000-0000-00000000a401', '10000000-0000-0000-0000-00000000a401', 'RCT-2026-007', 7550.00, '2026-01-07', 'razorpay', 'captured', NULL),
  ('90000000-0000-0000-0000-000000000008', 'a0000000-0000-0000-0000-000000000001', '70000000-0000-0000-0000-00000000b001', 'e0000000-0000-0000-0000-00000000b001', '10000000-0000-0000-0000-00000000b001', 'RCT-2026-008', 4850.00, '2026-01-09', 'neft', 'captured', NULL),
  ('90000000-0000-0000-0000-000000000009', 'a0000000-0000-0000-0000-000000000001', '70000000-0000-0000-0000-00000000b101', 'e0000000-0000-0000-0000-00000000b101', '10000000-0000-0000-0000-00000000b101', 'RCT-2026-009', 4850.00, '2026-01-10', 'upi', 'captured', NULL);

-- ============================================================
-- 17. ANNOUNCEMENTS / NOTICES
-- ============================================================
INSERT INTO announcements (id, society_id, title, body, category, send_email, send_whatsapp, is_pinned, published_at, created_by) VALUES
  ('a1000000-0000-0000-0000-000000000001', 'a0000000-0000-0000-0000-000000000001',
   'Annual General Meeting Notice',
   'Dear Members, the Annual General Meeting of Demo Society will be held on 15th February 2026 at 6:00 PM in the community hall. Agenda: 1) Approval of last year''s accounts 2) Budget for FY 2026-27 3) Election of new committee members. Your presence is requested.',
   'meeting', true, true, true, '2026-01-20 10:00:00+05:30', '47751e2b-522b-41db-a519-d2f2756473d1'),
  ('a1000000-0000-0000-0000-000000000002', 'a0000000-0000-0000-0000-000000000001',
   'Water Tank Cleaning - 25th Jan',
   'The overhead water tanks of all wings will be cleaned on 25th January 2026. Water supply will be interrupted from 10:00 AM to 4:00 PM. Please store sufficient water for the day.',
   'maintenance', true, true, false, '2026-01-18 09:00:00+05:30', '47751e2b-522b-41db-a519-d2f2756473d1'),
  ('a1000000-0000-0000-0000-000000000003', 'a0000000-0000-0000-0000-000000000001',
   'Republic Day Celebration',
   'Demo Society invites all residents for the Republic Day celebration on 26th January at 8:00 AM near the garden area. Flag hoisting followed by cultural program and breakfast.',
   'event', true, true, false, '2026-01-22 11:00:00+05:30', '47751e2b-522b-41db-a519-d2f2756473d1'),
  ('a1000000-0000-0000-0000-000000000004', 'a0000000-0000-0000-0000-000000000001',
   'Maintenance Due Reminder - January 2026',
   'This is a reminder that maintenance dues for January 2026 are overdue. Members with outstanding payments are requested to clear their dues immediately to avoid interest charges (18% p.a. after 15-day grace period).',
   'financial', true, true, true, '2026-01-25 10:00:00+05:30', '47751e2b-522b-41db-a519-d2f2756473d1');

-- ============================================================
-- 18. COMPLAINTS
-- ============================================================
INSERT INTO complaints (id, society_id, complaint_number, unit_id, raised_by, title, description, category, priority, status, sla_hours, resolved_at, resolution) VALUES
  ('a2000000-0000-0000-0000-000000000001', 'a0000000-0000-0000-0000-000000000001', 'CMP-2026-001', 'e0000000-0000-0000-0000-00000000a101', 'f0000000-0000-0000-0000-000000000003',
   'Water leakage from ceiling', 'There is continuous water leakage from the bathroom ceiling of flat A-101. The plaster is also getting damaged. Please send a plumber urgently.',
   'plumbing', 'high', 'resolved', 24, '2026-01-10 14:00:00+05:30', 'Plumber fixed the leaking pipe in A-201 bathroom. Ceiling patch work scheduled for next week.'),
  ('a2000000-0000-0000-0000-000000000002', 'a0000000-0000-0000-0000-000000000001', 'CMP-2026-002', 'e0000000-0000-0000-0000-00000000b001', 'f0000000-0000-0000-0000-000000000010',
   'Lift not working in Wing B', 'The lift in Wing B has been out of order since yesterday evening. Senior citizens are facing difficulty climbing stairs.',
   'electrical', 'urgent', 'in_progress', 4, NULL, NULL),
  ('a2000000-0000-0000-0000-000000000003', 'a0000000-0000-0000-0000-000000000001', 'CMP-2026-003', NULL, 'f0000000-0000-0000-0000-000000000005',
   'Stray dogs in parking area', 'Multiple stray dogs have been spotted in the basement parking area. They are barking at night and have become aggressive. Please arrange for animal control.',
   'security', 'medium', 'open', 48, NULL, NULL),
  ('a2000000-0000-0000-0000-000000000004', 'a0000000-0000-0000-0000-000000000001', 'CMP-2026-004', 'e0000000-0000-0000-0000-00000000c101', 'f0000000-0000-0000-0000-000000000022',
   'Garden lights not working', 'The pathway lights near Wing C garden area are not working for the past 3 days. It is very dark and unsafe for evening walkers.',
   'electrical', 'medium', 'assigned', 72, NULL, NULL);

-- Complaint assignments
INSERT INTO complaint_assignments (id, complaint_id, society_id, assigned_to, assigned_by) VALUES
  ('a3000000-0000-0000-0000-000000000001', 'a2000000-0000-0000-0000-000000000002', 'a0000000-0000-0000-0000-000000000001', 'f0000000-0000-0000-0000-000000000004', '47751e2b-522b-41db-a519-d2f2756473d1'),
  ('a3000000-0000-0000-0000-000000000002', 'a2000000-0000-0000-0000-000000000004', 'a0000000-0000-0000-0000-000000000001', 'f0000000-0000-0000-0000-000000000005', '47751e2b-522b-41db-a519-d2f2756473d1');

COMMIT;
