-- RWA ERP Demo Data Seed Script
-- Society: Demo Society with 3 blocks, full occupancy

BEGIN;

-- ============================================================
-- 1. SOCIETY
-- ============================================================
INSERT INTO societies (id, name, registration_number, address, city, state, pincode, phone, email,
  gst_number, pan_number, financial_year_start_month, late_payment_interest_rate, late_payment_grace_days,
  billing_due_day, is_gst_registered, settings, is_active)
VALUES (
  'a0000000-0000-0000-0000-000000000001',
  'Demo Society',
  'MH/HSG/2020/12345',
  '42, Senapati Bapat Marg, Dadar West',
  'Mumbai',
  'Maharashtra',
  '400028',
  '+912224567890',
  'admin@demosociety.in',
  '27AABCD1234E1Z5',
  'AABCD1234E',
  4, 18.00, 15, 10, true,
  '{"whatsappEnabled": true, "emailEnabled": true, "autoReminders": true, "reminderDaysBefore": [5, 1], "reminderDaysAfter": [7, 15, 30]}',
  true
);

-- ============================================================
-- 2. LINK EXISTING USER AS SOCIETY ADMIN
-- ============================================================
INSERT INTO user_society_roles (id, user_id, society_id, role, is_default)
VALUES (
  'b0000000-0000-0000-0000-000000000001',
  '47751e2b-522b-41db-a519-d2f2756473d1',
  'a0000000-0000-0000-0000-000000000001',
  'society_admin',
  true
);

-- ============================================================
-- 3. BLOCKS (A, B, C)
-- ============================================================
INSERT INTO blocks (id, society_id, name, code, total_floors, sort_order) VALUES
  ('c0000000-0000-0000-0000-000000000001', 'a0000000-0000-0000-0000-000000000001', 'Wing A', 'A', 5, 1),
  ('c0000000-0000-0000-0000-000000000002', 'a0000000-0000-0000-0000-000000000001', 'Wing B', 'B', 5, 2),
  ('c0000000-0000-0000-0000-000000000003', 'a0000000-0000-0000-0000-000000000001', 'Wing C', 'C', 4, 3);

-- ============================================================
-- 4. FLOORS
-- ============================================================
-- Wing A: 5 floors (Ground + 1-4)
INSERT INTO floors (id, block_id, society_id, floor_number, name) VALUES
  ('d0000000-0000-0000-0000-0000000001a0', 'c0000000-0000-0000-0000-000000000001', 'a0000000-0000-0000-0000-000000000001', 0, 'Ground Floor'),
  ('d0000000-0000-0000-0000-0000000001a1', 'c0000000-0000-0000-0000-000000000001', 'a0000000-0000-0000-0000-000000000001', 1, '1st Floor'),
  ('d0000000-0000-0000-0000-0000000001a2', 'c0000000-0000-0000-0000-000000000001', 'a0000000-0000-0000-0000-000000000001', 2, '2nd Floor'),
  ('d0000000-0000-0000-0000-0000000001a3', 'c0000000-0000-0000-0000-000000000001', 'a0000000-0000-0000-0000-000000000001', 3, '3rd Floor'),
  ('d0000000-0000-0000-0000-0000000001a4', 'c0000000-0000-0000-0000-000000000001', 'a0000000-0000-0000-0000-000000000001', 4, '4th Floor');

-- Wing B: 5 floors
INSERT INTO floors (id, block_id, society_id, floor_number, name) VALUES
  ('d0000000-0000-0000-0000-0000000002b0', 'c0000000-0000-0000-0000-000000000002', 'a0000000-0000-0000-0000-000000000001', 0, 'Ground Floor'),
  ('d0000000-0000-0000-0000-0000000002b1', 'c0000000-0000-0000-0000-000000000002', 'a0000000-0000-0000-0000-000000000001', 1, '1st Floor'),
  ('d0000000-0000-0000-0000-0000000002b2', 'c0000000-0000-0000-0000-000000000002', 'a0000000-0000-0000-0000-000000000001', 2, '2nd Floor'),
  ('d0000000-0000-0000-0000-0000000002b3', 'c0000000-0000-0000-0000-000000000002', 'a0000000-0000-0000-0000-000000000001', 3, '3rd Floor'),
  ('d0000000-0000-0000-0000-0000000002b4', 'c0000000-0000-0000-0000-000000000002', 'a0000000-0000-0000-0000-000000000001', 4, '4th Floor');

-- Wing C: 4 floors
INSERT INTO floors (id, block_id, society_id, floor_number, name) VALUES
  ('d0000000-0000-0000-0000-0000000003c0', 'c0000000-0000-0000-0000-000000000003', 'a0000000-0000-0000-0000-000000000001', 0, 'Ground Floor'),
  ('d0000000-0000-0000-0000-0000000003c1', 'c0000000-0000-0000-0000-000000000003', 'a0000000-0000-0000-0000-000000000001', 1, '1st Floor'),
  ('d0000000-0000-0000-0000-0000000003c2', 'c0000000-0000-0000-0000-000000000003', 'a0000000-0000-0000-0000-000000000001', 2, '2nd Floor'),
  ('d0000000-0000-0000-0000-0000000003c3', 'c0000000-0000-0000-0000-000000000003', 'a0000000-0000-0000-0000-000000000001', 3, '3rd Floor');

-- ============================================================
-- 5. UNITS (2 per floor per wing = 28 units total)
-- ============================================================
-- Wing A units (A-001 to A-010, 2 per floor)
INSERT INTO units (id, society_id, block_id, floor_id, unit_number, unit_type, area_sqft, occupancy_status, is_billable) VALUES
  ('e0000000-0000-0000-0000-00000000a001', 'a0000000-0000-0000-0000-000000000001', 'c0000000-0000-0000-0000-000000000001', 'd0000000-0000-0000-0000-0000000001a0', 'A-001', 'apartment', 850.00, 'owner_occupied', true),
  ('e0000000-0000-0000-0000-00000000a002', 'a0000000-0000-0000-0000-000000000001', 'c0000000-0000-0000-0000-000000000001', 'd0000000-0000-0000-0000-0000000001a0', 'A-002', 'apartment', 1050.00, 'tenant_occupied', true),
  ('e0000000-0000-0000-0000-00000000a101', 'a0000000-0000-0000-0000-000000000001', 'c0000000-0000-0000-0000-000000000001', 'd0000000-0000-0000-0000-0000000001a1', 'A-101', 'apartment', 850.00, 'owner_occupied', true),
  ('e0000000-0000-0000-0000-00000000a102', 'a0000000-0000-0000-0000-000000000001', 'c0000000-0000-0000-0000-000000000001', 'd0000000-0000-0000-0000-0000000001a1', 'A-102', 'apartment', 1050.00, 'owner_occupied', true),
  ('e0000000-0000-0000-0000-00000000a201', 'a0000000-0000-0000-0000-000000000001', 'c0000000-0000-0000-0000-000000000001', 'd0000000-0000-0000-0000-0000000001a2', 'A-201', 'apartment', 850.00, 'owner_occupied', true),
  ('e0000000-0000-0000-0000-00000000a202', 'a0000000-0000-0000-0000-000000000001', 'c0000000-0000-0000-0000-000000000001', 'd0000000-0000-0000-0000-0000000001a2', 'A-202', 'apartment', 1050.00, 'tenant_occupied', true),
  ('e0000000-0000-0000-0000-00000000a301', 'a0000000-0000-0000-0000-000000000001', 'c0000000-0000-0000-0000-000000000001', 'd0000000-0000-0000-0000-0000000001a3', 'A-301', 'apartment', 1200.00, 'owner_occupied', true),
  ('e0000000-0000-0000-0000-00000000a302', 'a0000000-0000-0000-0000-000000000001', 'c0000000-0000-0000-0000-000000000001', 'd0000000-0000-0000-0000-0000000001a3', 'A-302', 'apartment', 1200.00, 'owner_occupied', true),
  ('e0000000-0000-0000-0000-00000000a401', 'a0000000-0000-0000-0000-000000000001', 'c0000000-0000-0000-0000-000000000001', 'd0000000-0000-0000-0000-0000000001a4', 'A-401', 'apartment', 1500.00, 'owner_occupied', true),
  ('e0000000-0000-0000-0000-00000000a402', 'a0000000-0000-0000-0000-000000000001', 'c0000000-0000-0000-0000-000000000001', 'd0000000-0000-0000-0000-0000000001a4', 'A-402', 'apartment', 1500.00, 'vacant', true);

-- Wing B units (B-001 to B-010)
INSERT INTO units (id, society_id, block_id, floor_id, unit_number, unit_type, area_sqft, occupancy_status, is_billable) VALUES
  ('e0000000-0000-0000-0000-00000000b001', 'a0000000-0000-0000-0000-000000000001', 'c0000000-0000-0000-0000-000000000002', 'd0000000-0000-0000-0000-0000000002b0', 'B-001', 'apartment', 900.00, 'owner_occupied', true),
  ('e0000000-0000-0000-0000-00000000b002', 'a0000000-0000-0000-0000-000000000001', 'c0000000-0000-0000-0000-000000000002', 'd0000000-0000-0000-0000-0000000002b0', 'B-002', 'apartment', 900.00, 'owner_occupied', true),
  ('e0000000-0000-0000-0000-00000000b101', 'a0000000-0000-0000-0000-000000000001', 'c0000000-0000-0000-0000-000000000002', 'd0000000-0000-0000-0000-0000000002b1', 'B-101', 'apartment', 900.00, 'tenant_occupied', true),
  ('e0000000-0000-0000-0000-00000000b102', 'a0000000-0000-0000-0000-000000000001', 'c0000000-0000-0000-0000-000000000002', 'd0000000-0000-0000-0000-0000000002b1', 'B-102', 'apartment', 1100.00, 'owner_occupied', true),
  ('e0000000-0000-0000-0000-00000000b201', 'a0000000-0000-0000-0000-000000000001', 'c0000000-0000-0000-0000-000000000002', 'd0000000-0000-0000-0000-0000000002b2', 'B-201', 'apartment', 900.00, 'owner_occupied', true),
  ('e0000000-0000-0000-0000-00000000b202', 'a0000000-0000-0000-0000-000000000001', 'c0000000-0000-0000-0000-000000000002', 'd0000000-0000-0000-0000-0000000002b2', 'B-202', 'apartment', 1100.00, 'owner_occupied', true),
  ('e0000000-0000-0000-0000-00000000b301', 'a0000000-0000-0000-0000-000000000001', 'c0000000-0000-0000-0000-000000000002', 'd0000000-0000-0000-0000-0000000002b3', 'B-301', 'apartment', 1100.00, 'owner_occupied', true),
  ('e0000000-0000-0000-0000-00000000b302', 'a0000000-0000-0000-0000-000000000001', 'c0000000-0000-0000-0000-000000000002', 'd0000000-0000-0000-0000-0000000002b3', 'B-302', 'apartment', 1100.00, 'tenant_occupied', true),
  ('e0000000-0000-0000-0000-00000000b401', 'a0000000-0000-0000-0000-000000000001', 'c0000000-0000-0000-0000-000000000002', 'd0000000-0000-0000-0000-0000000002b4', 'B-401', 'apartment', 1300.00, 'owner_occupied', true),
  ('e0000000-0000-0000-0000-00000000b402', 'a0000000-0000-0000-0000-000000000001', 'c0000000-0000-0000-0000-000000000002', 'd0000000-0000-0000-0000-0000000002b4', 'B-402', 'apartment', 1300.00, 'owner_occupied', true);

-- Wing C units (C-001 to C-008)
INSERT INTO units (id, society_id, block_id, floor_id, unit_number, unit_type, area_sqft, occupancy_status, is_billable) VALUES
  ('e0000000-0000-0000-0000-00000000c001', 'a0000000-0000-0000-0000-000000000001', 'c0000000-0000-0000-0000-000000000003', 'd0000000-0000-0000-0000-0000000003c0', 'C-001', 'shop', 500.00, 'tenant_occupied', true),
  ('e0000000-0000-0000-0000-00000000c002', 'a0000000-0000-0000-0000-000000000001', 'c0000000-0000-0000-0000-000000000003', 'd0000000-0000-0000-0000-0000000003c0', 'C-002', 'shop', 600.00, 'tenant_occupied', true),
  ('e0000000-0000-0000-0000-00000000c101', 'a0000000-0000-0000-0000-000000000001', 'c0000000-0000-0000-0000-000000000003', 'd0000000-0000-0000-0000-0000000003c1', 'C-101', 'apartment', 750.00, 'owner_occupied', true),
  ('e0000000-0000-0000-0000-00000000c102', 'a0000000-0000-0000-0000-000000000001', 'c0000000-0000-0000-0000-000000000003', 'd0000000-0000-0000-0000-0000000003c1', 'C-102', 'apartment', 750.00, 'owner_occupied', true),
  ('e0000000-0000-0000-0000-00000000c201', 'a0000000-0000-0000-0000-000000000001', 'c0000000-0000-0000-0000-000000000003', 'd0000000-0000-0000-0000-0000000003c2', 'C-201', 'apartment', 750.00, 'owner_occupied', true),
  ('e0000000-0000-0000-0000-00000000c202', 'a0000000-0000-0000-0000-000000000001', 'c0000000-0000-0000-0000-000000000003', 'd0000000-0000-0000-0000-0000000003c2', 'C-202', 'apartment', 750.00, 'vacant', true),
  ('e0000000-0000-0000-0000-00000000c301', 'a0000000-0000-0000-0000-000000000001', 'c0000000-0000-0000-0000-000000000003', 'd0000000-0000-0000-0000-0000000003c3', 'C-301', 'apartment', 950.00, 'owner_occupied', true),
  ('e0000000-0000-0000-0000-00000000c302', 'a0000000-0000-0000-0000-000000000001', 'c0000000-0000-0000-0000-000000000003', 'd0000000-0000-0000-0000-0000000003c3', 'C-302', 'apartment', 950.00, 'owner_occupied', true);

COMMIT;
-- RWA ERP Demo Data Seed Script — Part 2: Members, Accounts, Charge Heads
BEGIN;

-- ============================================================
-- 6. ADDITIONAL USERS (for members)
-- ============================================================
INSERT INTO users (id, phone, name, email, is_active) VALUES
  ('f0000000-0000-0000-0000-000000000001', '+919876543201', 'Rajesh Sharma', 'rajesh.sharma@gmail.com', true),
  ('f0000000-0000-0000-0000-000000000002', '+919876543202', 'Priya Patel', 'priya.patel@gmail.com', true),
  ('f0000000-0000-0000-0000-000000000003', '+919876543203', 'Amit Kumar', 'amit.kumar@yahoo.com', true),
  ('f0000000-0000-0000-0000-000000000004', '+919876543204', 'Sunita Desai', 'sunita.desai@gmail.com', true),
  ('f0000000-0000-0000-0000-000000000005', '+919876543205', 'Vikram Singh', 'vikram.singh@outlook.com', true),
  ('f0000000-0000-0000-0000-000000000006', '+919876543206', 'Meera Joshi', 'meera.joshi@gmail.com', true),
  ('f0000000-0000-0000-0000-000000000007', '+919876543207', 'Arun Nair', 'arun.nair@gmail.com', true),
  ('f0000000-0000-0000-0000-000000000008', '+919876543208', 'Kavita Reddy', 'kavita.reddy@yahoo.com', true),
  ('f0000000-0000-0000-0000-000000000009', '+919876543209', 'Deepak Gupta', 'deepak.gupta@gmail.com', true),
  ('f0000000-0000-0000-0000-000000000010', '+919876543210', 'Anjali Mehta', 'anjali.mehta@gmail.com', true),
  ('f0000000-0000-0000-0000-000000000011', '+919876543211', 'Suresh Iyer', 'suresh.iyer@gmail.com', true),
  ('f0000000-0000-0000-0000-000000000012', '+919876543212', 'Neha Kapoor', 'neha.kapoor@outlook.com', true),
  ('f0000000-0000-0000-0000-000000000013', '+919876543213', 'Manoj Tiwari', 'manoj.tiwari@gmail.com', true),
  ('f0000000-0000-0000-0000-000000000014', '+919876543214', 'Ritu Agarwal', 'ritu.agarwal@gmail.com', true),
  ('f0000000-0000-0000-0000-000000000015', '+919876543215', 'Kiran Bhatt', 'kiran.bhatt@yahoo.com', true),
  ('f0000000-0000-0000-0000-000000000016', '+919876543216', 'Pooja Verma', 'pooja.verma@gmail.com', true),
  ('f0000000-0000-0000-0000-000000000017', '+919876543217', 'Sanjay Mishra', 'sanjay.mishra@gmail.com', true),
  ('f0000000-0000-0000-0000-000000000018', '+919876543218', 'Divya Rao', 'divya.rao@gmail.com', true),
  ('f0000000-0000-0000-0000-000000000019', '+919876543219', 'Rahul Chopra', 'rahul.chopra@outlook.com', true),
  ('f0000000-0000-0000-0000-000000000020', '+919876543220', 'Smita Kulkarni', 'smita.kulkarni@gmail.com', true),
  ('f0000000-0000-0000-0000-000000000021', '+919876543221', 'Vivek Saxena', 'vivek.saxena@gmail.com', true),
  ('f0000000-0000-0000-0000-000000000022', '+919876543222', 'Geeta Pillai', 'geeta.pillai@yahoo.com', true),
  ('f0000000-0000-0000-0000-000000000023', '+919876543223', 'Nitin Shah', 'nitin.shah@gmail.com', true),
  ('f0000000-0000-0000-0000-000000000024', '+919876543224', 'Rekha Bose', 'rekha.bose@gmail.com', true),
  ('f0000000-0000-0000-0000-000000000025', '+919876543225', 'Ashok Pandey', 'ashok.pandey@gmail.com', true),
  ('f0000000-0000-0000-0000-000000000026', '+919876543226', 'Lata Menon', 'lata.menon@outlook.com', true);

-- User-society roles for residents
INSERT INTO user_society_roles (id, user_id, society_id, role, is_default) VALUES
  ('b0000000-0000-0000-0000-000000000002', 'f0000000-0000-0000-0000-000000000001', 'a0000000-0000-0000-0000-000000000001', 'resident', true),
  ('b0000000-0000-0000-0000-000000000003', 'f0000000-0000-0000-0000-000000000002', 'a0000000-0000-0000-0000-000000000001', 'resident', true),
  ('b0000000-0000-0000-0000-000000000004', 'f0000000-0000-0000-0000-000000000003', 'a0000000-0000-0000-0000-000000000001', 'resident', true),
  ('b0000000-0000-0000-0000-000000000005', 'f0000000-0000-0000-0000-000000000004', 'a0000000-0000-0000-0000-000000000001', 'treasurer', true),
  ('b0000000-0000-0000-0000-000000000006', 'f0000000-0000-0000-0000-000000000005', 'a0000000-0000-0000-0000-000000000001', 'committee_member', true);

-- ============================================================
-- 7. MEMBERS (one per occupied unit = 26 members)
-- ============================================================
INSERT INTO members (id, society_id, unit_id, user_id, member_type, name, phone, email, valid_from, is_active) VALUES
  -- Wing A
  ('10000000-0000-0000-0000-00000000a001', 'a0000000-0000-0000-0000-000000000001', 'e0000000-0000-0000-0000-00000000a001', 'f0000000-0000-0000-0000-000000000001', 'owner', 'Rajesh Sharma', '+919876543201', 'rajesh.sharma@gmail.com', '2022-04-01', true),
  ('10000000-0000-0000-0000-00000000a002', 'a0000000-0000-0000-0000-000000000001', 'e0000000-0000-0000-0000-00000000a002', 'f0000000-0000-0000-0000-000000000002', 'tenant', 'Priya Patel', '+919876543202', 'priya.patel@gmail.com', '2023-06-01', true),
  ('10000000-0000-0000-0000-00000000a101', 'a0000000-0000-0000-0000-000000000001', 'e0000000-0000-0000-0000-00000000a101', 'f0000000-0000-0000-0000-000000000003', 'owner', 'Amit Kumar', '+919876543203', 'amit.kumar@yahoo.com', '2021-01-15', true),
  ('10000000-0000-0000-0000-00000000a102', 'a0000000-0000-0000-0000-000000000001', 'e0000000-0000-0000-0000-00000000a102', 'f0000000-0000-0000-0000-000000000004', 'owner', 'Sunita Desai', '+919876543204', 'sunita.desai@gmail.com', '2020-04-01', true),
  ('10000000-0000-0000-0000-00000000a201', 'a0000000-0000-0000-0000-000000000001', 'e0000000-0000-0000-0000-00000000a201', 'f0000000-0000-0000-0000-000000000005', 'owner', 'Vikram Singh', '+919876543205', 'vikram.singh@outlook.com', '2020-04-01', true),
  ('10000000-0000-0000-0000-00000000a202', 'a0000000-0000-0000-0000-000000000001', 'e0000000-0000-0000-0000-00000000a202', 'f0000000-0000-0000-0000-000000000006', 'tenant', 'Meera Joshi', '+919876543206', 'meera.joshi@gmail.com', '2024-01-01', true),
  ('10000000-0000-0000-0000-00000000a301', 'a0000000-0000-0000-0000-000000000001', 'e0000000-0000-0000-0000-00000000a301', 'f0000000-0000-0000-0000-000000000007', 'owner', 'Arun Nair', '+919876543207', 'arun.nair@gmail.com', '2020-04-01', true),
  ('10000000-0000-0000-0000-00000000a302', 'a0000000-0000-0000-0000-000000000001', 'e0000000-0000-0000-0000-00000000a302', 'f0000000-0000-0000-0000-000000000008', 'owner', 'Kavita Reddy', '+919876543208', 'kavita.reddy@yahoo.com', '2021-07-01', true),
  ('10000000-0000-0000-0000-00000000a401', 'a0000000-0000-0000-0000-000000000001', 'e0000000-0000-0000-0000-00000000a401', 'f0000000-0000-0000-0000-000000000009', 'owner', 'Deepak Gupta', '+919876543209', 'deepak.gupta@gmail.com', '2020-04-01', true),
  -- Wing B
  ('10000000-0000-0000-0000-00000000b001', 'a0000000-0000-0000-0000-000000000001', 'e0000000-0000-0000-0000-00000000b001', 'f0000000-0000-0000-0000-000000000010', 'owner', 'Anjali Mehta', '+919876543210', 'anjali.mehta@gmail.com', '2020-04-01', true),
  ('10000000-0000-0000-0000-00000000b002', 'a0000000-0000-0000-0000-000000000001', 'e0000000-0000-0000-0000-00000000b002', 'f0000000-0000-0000-0000-000000000011', 'owner', 'Suresh Iyer', '+919876543211', 'suresh.iyer@gmail.com', '2020-04-01', true),
  ('10000000-0000-0000-0000-00000000b101', 'a0000000-0000-0000-0000-000000000001', 'e0000000-0000-0000-0000-00000000b101', 'f0000000-0000-0000-0000-000000000012', 'tenant', 'Neha Kapoor', '+919876543212', 'neha.kapoor@outlook.com', '2024-03-01', true),
  ('10000000-0000-0000-0000-00000000b102', 'a0000000-0000-0000-0000-000000000001', 'e0000000-0000-0000-0000-00000000b102', 'f0000000-0000-0000-0000-000000000013', 'owner', 'Manoj Tiwari', '+919876543213', 'manoj.tiwari@gmail.com', '2020-04-01', true),
  ('10000000-0000-0000-0000-00000000b201', 'a0000000-0000-0000-0000-000000000001', 'e0000000-0000-0000-0000-00000000b201', 'f0000000-0000-0000-0000-000000000014', 'owner', 'Ritu Agarwal', '+919876543214', 'ritu.agarwal@gmail.com', '2021-04-01', true),
  ('10000000-0000-0000-0000-00000000b202', 'a0000000-0000-0000-0000-000000000001', 'e0000000-0000-0000-0000-00000000b202', 'f0000000-0000-0000-0000-000000000015', 'owner', 'Kiran Bhatt', '+919876543215', 'kiran.bhatt@yahoo.com', '2020-04-01', true),
  ('10000000-0000-0000-0000-00000000b301', 'a0000000-0000-0000-0000-000000000001', 'e0000000-0000-0000-0000-00000000b301', 'f0000000-0000-0000-0000-000000000016', 'owner', 'Pooja Verma', '+919876543216', 'pooja.verma@gmail.com', '2020-04-01', true),
  ('10000000-0000-0000-0000-00000000b302', 'a0000000-0000-0000-0000-000000000001', 'e0000000-0000-0000-0000-00000000b302', 'f0000000-0000-0000-0000-000000000017', 'tenant', 'Sanjay Mishra', '+919876543217', 'sanjay.mishra@gmail.com', '2023-11-01', true),
  ('10000000-0000-0000-0000-00000000b401', 'a0000000-0000-0000-0000-000000000001', 'e0000000-0000-0000-0000-00000000b401', 'f0000000-0000-0000-0000-000000000018', 'owner', 'Divya Rao', '+919876543218', 'divya.rao@gmail.com', '2020-04-01', true),
  ('10000000-0000-0000-0000-00000000b402', 'a0000000-0000-0000-0000-000000000001', 'e0000000-0000-0000-0000-00000000b402', 'f0000000-0000-0000-0000-000000000019', 'owner', 'Rahul Chopra', '+919876543219', 'rahul.chopra@outlook.com', '2022-01-01', true),
  -- Wing C
  ('10000000-0000-0000-0000-00000000c001', 'a0000000-0000-0000-0000-000000000001', 'e0000000-0000-0000-0000-00000000c001', 'f0000000-0000-0000-0000-000000000020', 'tenant', 'Smita Kulkarni', '+919876543220', 'smita.kulkarni@gmail.com', '2023-01-01', true),
  ('10000000-0000-0000-0000-00000000c002', 'a0000000-0000-0000-0000-000000000001', 'e0000000-0000-0000-0000-00000000c002', 'f0000000-0000-0000-0000-000000000021', 'tenant', 'Vivek Saxena', '+919876543221', 'vivek.saxena@gmail.com', '2024-06-01', true),
  ('10000000-0000-0000-0000-00000000c101', 'a0000000-0000-0000-0000-000000000001', 'e0000000-0000-0000-0000-00000000c101', 'f0000000-0000-0000-0000-000000000022', 'owner', 'Geeta Pillai', '+919876543222', 'geeta.pillai@yahoo.com', '2020-04-01', true),
  ('10000000-0000-0000-0000-00000000c102', 'a0000000-0000-0000-0000-000000000001', 'e0000000-0000-0000-0000-00000000c102', 'f0000000-0000-0000-0000-000000000023', 'owner', 'Nitin Shah', '+919876543223', 'nitin.shah@gmail.com', '2020-04-01', true),
  ('10000000-0000-0000-0000-00000000c201', 'a0000000-0000-0000-0000-000000000001', 'e0000000-0000-0000-0000-00000000c201', 'f0000000-0000-0000-0000-000000000024', 'owner', 'Rekha Bose', '+919876543224', 'rekha.bose@gmail.com', '2021-04-01', true),
  ('10000000-0000-0000-0000-00000000c301', 'a0000000-0000-0000-0000-000000000001', 'e0000000-0000-0000-0000-00000000c301', 'f0000000-0000-0000-0000-000000000025', 'owner', 'Ashok Pandey', '+919876543225', 'ashok.pandey@gmail.com', '2020-04-01', true),
  ('10000000-0000-0000-0000-00000000c302', 'a0000000-0000-0000-0000-000000000001', 'e0000000-0000-0000-0000-00000000c302', 'f0000000-0000-0000-0000-000000000026', 'owner', 'Lata Menon', '+919876543226', 'lata.menon@outlook.com', '2022-08-01', true);

-- ============================================================
-- 8. FAMILY MEMBERS (sample for a few units)
-- ============================================================
INSERT INTO family_members (id, member_id, society_id, name, relation, phone) VALUES
  ('20000000-0000-0000-0000-000000000001', '10000000-0000-0000-0000-00000000a001', 'a0000000-0000-0000-0000-000000000001', 'Neeta Sharma', 'spouse', '+919876600001'),
  ('20000000-0000-0000-0000-000000000002', '10000000-0000-0000-0000-00000000a001', 'a0000000-0000-0000-0000-000000000001', 'Rohan Sharma', 'son', NULL),
  ('20000000-0000-0000-0000-000000000003', '10000000-0000-0000-0000-00000000a102', 'a0000000-0000-0000-0000-000000000001', 'Ramesh Desai', 'spouse', '+919876600004'),
  ('20000000-0000-0000-0000-000000000004', '10000000-0000-0000-0000-00000000b001', 'a0000000-0000-0000-0000-000000000001', 'Arjun Mehta', 'son', '+919876600010'),
  ('20000000-0000-0000-0000-000000000005', '10000000-0000-0000-0000-00000000b001', 'a0000000-0000-0000-0000-000000000001', 'Nisha Mehta', 'daughter', NULL);

-- ============================================================
-- 9. VEHICLES
-- ============================================================
INSERT INTO vehicles (id, member_id, society_id, vehicle_type, registration_number, make, model, color) VALUES
  ('30000000-0000-0000-0000-000000000001', '10000000-0000-0000-0000-00000000a001', 'a0000000-0000-0000-0000-000000000001', 'car', 'MH-02-AB-1234', 'Maruti', 'Swift', 'White'),
  ('30000000-0000-0000-0000-000000000002', '10000000-0000-0000-0000-00000000a001', 'a0000000-0000-0000-0000-000000000001', 'two_wheeler', 'MH-02-CD-5678', 'Honda', 'Activa', 'Black'),
  ('30000000-0000-0000-0000-000000000003', '10000000-0000-0000-0000-00000000a101', 'a0000000-0000-0000-0000-000000000001', 'car', 'MH-02-EF-9012', 'Hyundai', 'Creta', 'Blue'),
  ('30000000-0000-0000-0000-000000000004', '10000000-0000-0000-0000-00000000a301', 'a0000000-0000-0000-0000-000000000001', 'car', 'MH-02-GH-3456', 'Toyota', 'Innova', 'Silver'),
  ('30000000-0000-0000-0000-000000000005', '10000000-0000-0000-0000-00000000b102', 'a0000000-0000-0000-0000-000000000001', 'car', 'MH-02-IJ-7890', 'Tata', 'Nexon', 'Red'),
  ('30000000-0000-0000-0000-000000000006', '10000000-0000-0000-0000-00000000b401', 'a0000000-0000-0000-0000-000000000001', 'car', 'MH-02-KL-1122', 'Kia', 'Seltos', 'White');

-- ============================================================
-- 10. PARKING SLOTS
-- ============================================================
INSERT INTO parking_slots (id, society_id, block_id, slot_number, slot_type, is_allocated, allocated_to_unit_id) VALUES
  ('40000000-0000-0000-0000-000000000001', 'a0000000-0000-0000-0000-000000000001', 'c0000000-0000-0000-0000-000000000001', 'P-A01', 'car', true, 'e0000000-0000-0000-0000-00000000a001'),
  ('40000000-0000-0000-0000-000000000002', 'a0000000-0000-0000-0000-000000000001', 'c0000000-0000-0000-0000-000000000001', 'P-A02', 'car', true, 'e0000000-0000-0000-0000-00000000a101'),
  ('40000000-0000-0000-0000-000000000003', 'a0000000-0000-0000-0000-000000000001', 'c0000000-0000-0000-0000-000000000001', 'P-A03', 'car', true, 'e0000000-0000-0000-0000-00000000a301'),
  ('40000000-0000-0000-0000-000000000004', 'a0000000-0000-0000-0000-000000000001', 'c0000000-0000-0000-0000-000000000001', 'P-A04', 'car', false, NULL),
  ('40000000-0000-0000-0000-000000000005', 'a0000000-0000-0000-0000-000000000001', 'c0000000-0000-0000-0000-000000000002', 'P-B01', 'car', true, 'e0000000-0000-0000-0000-00000000b102'),
  ('40000000-0000-0000-0000-000000000006', 'a0000000-0000-0000-0000-000000000001', 'c0000000-0000-0000-0000-000000000002', 'P-B02', 'car', true, 'e0000000-0000-0000-0000-00000000b401'),
  ('40000000-0000-0000-0000-000000000007', 'a0000000-0000-0000-0000-000000000001', 'c0000000-0000-0000-0000-000000000002', 'P-B03', 'two_wheeler', false, NULL),
  ('40000000-0000-0000-0000-000000000008', 'a0000000-0000-0000-0000-000000000001', 'c0000000-0000-0000-0000-000000000003', 'P-C01', 'car', false, NULL);

-- ============================================================
-- 11. CHART OF ACCOUNTS
-- ============================================================
INSERT INTO accounts (id, society_id, code, name, account_type, level, is_system_account, is_active, sort_order) VALUES
  -- ASSETS
  ('50000000-0000-0000-0000-000000001001', 'a0000000-0000-0000-0000-000000000001', '1001', 'Bank Account - Operating', 'asset', 3, true, true, 1),
  ('50000000-0000-0000-0000-000000001002', 'a0000000-0000-0000-0000-000000000001', '1002', 'Bank Account - Sinking Fund', 'asset', 3, true, true, 2),
  ('50000000-0000-0000-0000-000000000003', 'a0000000-0000-0000-0000-000000000001', '1003', 'Cash in Hand', 'asset', 3, true, true, 3),
  ('50000000-0000-0000-0000-000000001010', 'a0000000-0000-0000-0000-000000000001', '1010', 'Accounts Receivable - Maintenance', 'asset', 3, true, true, 10),
  ('50000000-0000-0000-0000-000000001020', 'a0000000-0000-0000-0000-000000000001', '1020', 'TDS Receivable', 'asset', 3, true, true, 20),
  -- LIABILITIES
  ('50000000-0000-0000-0000-000000002001', 'a0000000-0000-0000-0000-000000000001', '2001', 'Advance from Members', 'liability', 3, true, true, 100),
  ('50000000-0000-0000-0000-000000002002', 'a0000000-0000-0000-0000-000000000001', '2002', 'Security Deposits', 'liability', 3, true, true, 101),
  ('50000000-0000-0000-0000-000000002003', 'a0000000-0000-0000-0000-000000000001', '2003', 'GST Payable', 'liability', 3, true, true, 102),
  -- INCOME
  ('50000000-0000-0000-0000-000000003001', 'a0000000-0000-0000-0000-000000000001', '3001', 'Maintenance Income', 'income', 3, true, true, 200),
  ('50000000-0000-0000-0000-000000003002', 'a0000000-0000-0000-0000-000000000001', '3002', 'Sinking Fund Income', 'income', 3, true, true, 201),
  ('50000000-0000-0000-0000-000000003003', 'a0000000-0000-0000-0000-000000000001', '3003', 'Water Charges Income', 'income', 3, true, true, 202),
  ('50000000-0000-0000-0000-000000003004', 'a0000000-0000-0000-0000-000000000001', '3004', 'Parking Charges Income', 'income', 3, true, true, 203),
  ('50000000-0000-0000-0000-000000003005', 'a0000000-0000-0000-0000-000000000001', '3005', 'Non-Occupancy Charges', 'income', 3, true, true, 204),
  ('50000000-0000-0000-0000-000000003010', 'a0000000-0000-0000-0000-000000000001', '3010', 'Interest on Late Payment', 'income', 3, true, true, 210),
  ('50000000-0000-0000-0000-000000003099', 'a0000000-0000-0000-0000-000000000001', '3099', 'Other Income', 'income', 3, true, true, 299),
  -- EXPENSES
  ('50000000-0000-0000-0000-000000004001', 'a0000000-0000-0000-0000-000000000001', '4001', 'Electricity - Common Area', 'expense', 3, true, true, 300),
  ('50000000-0000-0000-0000-000000004002', 'a0000000-0000-0000-0000-000000000001', '4002', 'Water Supply', 'expense', 3, true, true, 301),
  ('50000000-0000-0000-0000-000000004003', 'a0000000-0000-0000-0000-000000000001', '4003', 'Lift Maintenance', 'expense', 3, true, true, 302),
  ('50000000-0000-0000-0000-000000004004', 'a0000000-0000-0000-0000-000000000001', '4004', 'Security Charges', 'expense', 3, true, true, 303),
  ('50000000-0000-0000-0000-000000004005', 'a0000000-0000-0000-0000-000000000001', '4005', 'Housekeeping', 'expense', 3, true, true, 304),
  ('50000000-0000-0000-0000-000000004006', 'a0000000-0000-0000-0000-000000000001', '4006', 'Garden Maintenance', 'expense', 3, true, true, 305),
  ('50000000-0000-0000-0000-000000004007', 'a0000000-0000-0000-0000-000000000001', '4007', 'Repairs & Maintenance', 'expense', 3, true, true, 306),
  -- EQUITY
  ('50000000-0000-0000-0000-000000005001', 'a0000000-0000-0000-0000-000000000001', '5001', 'Sinking Fund Reserve', 'equity', 3, true, true, 400),
  ('50000000-0000-0000-0000-000000005002', 'a0000000-0000-0000-0000-000000000001', '5002', 'Repair Fund Reserve', 'equity', 3, true, true, 401),
  ('50000000-0000-0000-0000-000000005003', 'a0000000-0000-0000-0000-000000000001', '5003', 'Opening Balance Equity', 'equity', 3, true, true, 402);

-- ============================================================
-- 12. CHARGE HEADS
-- ============================================================
INSERT INTO charge_heads (id, society_id, name, code, calculation_type, rate, frequency, income_account_id, is_gst_applicable, gst_rate, is_active, sort_order) VALUES
  ('60000000-0000-0000-0000-000000000001', 'a0000000-0000-0000-0000-000000000001', 'Maintenance', 'MAINT', 'per_sqft', 3.50, 'monthly', '50000000-0000-0000-0000-000000003001', false, 0, true, 1),
  ('60000000-0000-0000-0000-000000000002', 'a0000000-0000-0000-0000-000000000001', 'Sinking Fund', 'SINK', 'per_sqft', 1.00, 'monthly', '50000000-0000-0000-0000-000000003002', false, 0, true, 2),
  ('60000000-0000-0000-0000-000000000003', 'a0000000-0000-0000-0000-000000000001', 'Water Charges', 'WATER', 'flat_rate', 500.00, 'monthly', '50000000-0000-0000-0000-000000003003', false, 0, true, 3),
  ('60000000-0000-0000-0000-000000000004', 'a0000000-0000-0000-0000-000000000001', 'Parking Charges', 'PARK', 'flat_rate', 300.00, 'monthly', '50000000-0000-0000-0000-000000003004', false, 0, true, 4),
  ('60000000-0000-0000-0000-000000000005', 'a0000000-0000-0000-0000-000000000001', 'Non-Occupancy Charges', 'NOC', 'percentage', 10.00, 'monthly', '50000000-0000-0000-0000-000000003005', false, 0, true, 5);

COMMIT;
-- RWA ERP Demo Data Seed Script — Part 3: Invoices, Payments, Notices, Complaints
BEGIN;

-- ============================================================
-- 13. JANUARY 2026 INVOICES (for first 10 units in Wing A & B)
-- We'll create invoices for A-001 through A-401 and B-001 through B-102
-- Rates: Maintenance=3.50/sqft, Sinking=1.00/sqft, Water=500, Parking=300
-- ============================================================

-- Helper: A-001 (850 sqft): Maint=2975, Sink=850, Water=500, Park=300 = 4625
INSERT INTO invoices (id, society_id, unit_id, member_id, invoice_number, billing_month, billing_year,
  issue_date, due_date, subtotal, gst_amount, interest_amount, total_amount, paid_amount, balance_due,
  status, previous_balance)
VALUES
  ('70000000-0000-0000-0000-00000000a001', 'a0000000-0000-0000-0000-000000000001', 'e0000000-0000-0000-0000-00000000a001', '10000000-0000-0000-0000-00000000a001', 'INV-2026-01-001', 1, 2026, '2026-01-01', '2026-01-10', 4625.00, 0, 0, 4625.00, 4625.00, 0, 'paid', 0),
  -- A-002 (1050 sqft): 3675+1050+500+300=5525
  ('70000000-0000-0000-0000-00000000a002', 'a0000000-0000-0000-0000-000000000001', 'e0000000-0000-0000-0000-00000000a002', '10000000-0000-0000-0000-00000000a002', 'INV-2026-01-002', 1, 2026, '2026-01-01', '2026-01-10', 5525.00, 0, 0, 5525.00, 5525.00, 0, 'paid', 0),
  -- A-101 (850 sqft): 4625
  ('70000000-0000-0000-0000-00000000a101', 'a0000000-0000-0000-0000-000000000001', 'e0000000-0000-0000-0000-00000000a101', '10000000-0000-0000-0000-00000000a101', 'INV-2026-01-003', 1, 2026, '2026-01-01', '2026-01-10', 4625.00, 0, 0, 4625.00, 4625.00, 0, 'paid', 0),
  -- A-102 (1050 sqft): 5525
  ('70000000-0000-0000-0000-00000000a102', 'a0000000-0000-0000-0000-000000000001', 'e0000000-0000-0000-0000-00000000a102', '10000000-0000-0000-0000-00000000a102', 'INV-2026-01-004', 1, 2026, '2026-01-01', '2026-01-10', 5525.00, 0, 0, 5525.00, 0, 5525.00, 'overdue', 0),
  -- A-201 (850 sqft): 4625
  ('70000000-0000-0000-0000-00000000a201', 'a0000000-0000-0000-0000-000000000001', 'e0000000-0000-0000-0000-00000000a201', '10000000-0000-0000-0000-00000000a201', 'INV-2026-01-005', 1, 2026, '2026-01-01', '2026-01-10', 4625.00, 0, 0, 4625.00, 4625.00, 0, 'paid', 0),
  -- A-202 (1050 sqft): 5525
  ('70000000-0000-0000-0000-00000000a202', 'a0000000-0000-0000-0000-000000000001', 'e0000000-0000-0000-0000-00000000a202', '10000000-0000-0000-0000-00000000a202', 'INV-2026-01-006', 1, 2026, '2026-01-01', '2026-01-10', 5525.00, 0, 0, 5525.00, 0, 5525.00, 'overdue', 0),
  -- A-301 (1200 sqft): 4200+1200+500+300=6200
  ('70000000-0000-0000-0000-00000000a301', 'a0000000-0000-0000-0000-000000000001', 'e0000000-0000-0000-0000-00000000a301', '10000000-0000-0000-0000-00000000a301', 'INV-2026-01-007', 1, 2026, '2026-01-01', '2026-01-10', 6200.00, 0, 0, 6200.00, 6200.00, 0, 'paid', 0),
  -- A-302 (1200 sqft): 6200
  ('70000000-0000-0000-0000-00000000a302', 'a0000000-0000-0000-0000-000000000001', 'e0000000-0000-0000-0000-00000000a302', '10000000-0000-0000-0000-00000000a302', 'INV-2026-01-008', 1, 2026, '2026-01-01', '2026-01-10', 6200.00, 0, 0, 6200.00, 3000.00, 3200.00, 'partially_paid', 0),
  -- A-401 (1500 sqft): 5250+1500+500+300=7550
  ('70000000-0000-0000-0000-00000000a401', 'a0000000-0000-0000-0000-000000000001', 'e0000000-0000-0000-0000-00000000a401', '10000000-0000-0000-0000-00000000a401', 'INV-2026-01-009', 1, 2026, '2026-01-01', '2026-01-10', 7550.00, 0, 0, 7550.00, 7550.00, 0, 'paid', 0),
  -- B-001 (900 sqft): 3150+900+500+300=4850
  ('70000000-0000-0000-0000-00000000b001', 'a0000000-0000-0000-0000-000000000001', 'e0000000-0000-0000-0000-00000000b001', '10000000-0000-0000-0000-00000000b001', 'INV-2026-01-010', 1, 2026, '2026-01-01', '2026-01-10', 4850.00, 0, 0, 4850.00, 4850.00, 0, 'paid', 0),
  -- B-002 (900 sqft): 4850
  ('70000000-0000-0000-0000-00000000b002', 'a0000000-0000-0000-0000-000000000001', 'e0000000-0000-0000-0000-00000000b002', '10000000-0000-0000-0000-00000000b002', 'INV-2026-01-011', 1, 2026, '2026-01-01', '2026-01-10', 4850.00, 0, 0, 4850.00, 0, 4850.00, 'overdue', 0),
  -- B-101 (900 sqft): 4850
  ('70000000-0000-0000-0000-00000000b101', 'a0000000-0000-0000-0000-000000000001', 'e0000000-0000-0000-0000-00000000b101', '10000000-0000-0000-0000-00000000b101', 'INV-2026-01-012', 1, 2026, '2026-01-01', '2026-01-10', 4850.00, 0, 0, 4850.00, 4850.00, 0, 'paid', 0),
  -- B-102 (1100 sqft): 3850+1100+500+300=5750
  ('70000000-0000-0000-0000-00000000b102', 'a0000000-0000-0000-0000-000000000001', 'e0000000-0000-0000-0000-00000000b102', '10000000-0000-0000-0000-00000000b102', 'INV-2026-01-013', 1, 2026, '2026-01-01', '2026-01-10', 5750.00, 0, 0, 5750.00, 0, 5750.00, 'sent', 0);

-- ============================================================
-- 14. INVOICE LINE ITEMS (4 line items per invoice)
-- ============================================================
-- A-001 lines (850 sqft)
INSERT INTO invoice_line_items (id, invoice_id, society_id, charge_head_id, description, area_sqft, rate, quantity, amount, gst_rate, gst_amount, total_amount, income_account_id, sort_order) VALUES
  ('71000000-0000-0000-0001-000000000001', '70000000-0000-0000-0000-00000000a001', 'a0000000-0000-0000-0000-000000000001', '60000000-0000-0000-0000-000000000001', 'Maintenance (850 sqft x 3.50)', 850, 3.50, 1, 2975.00, 0, 0, 2975.00, '50000000-0000-0000-0000-000000003001', 1),
  ('71000000-0000-0000-0001-000000000002', '70000000-0000-0000-0000-00000000a001', 'a0000000-0000-0000-0000-000000000001', '60000000-0000-0000-0000-000000000002', 'Sinking Fund (850 sqft x 1.00)', 850, 1.00, 1, 850.00, 0, 0, 850.00, '50000000-0000-0000-0000-000000003002', 2),
  ('71000000-0000-0000-0001-000000000003', '70000000-0000-0000-0000-00000000a001', 'a0000000-0000-0000-0000-000000000001', '60000000-0000-0000-0000-000000000003', 'Water Charges', NULL, 500.00, 1, 500.00, 0, 0, 500.00, '50000000-0000-0000-0000-000000003003', 3),
  ('71000000-0000-0000-0001-000000000004', '70000000-0000-0000-0000-00000000a001', 'a0000000-0000-0000-0000-000000000001', '60000000-0000-0000-0000-000000000004', 'Parking Charges', NULL, 300.00, 1, 300.00, 0, 0, 300.00, '50000000-0000-0000-0000-000000003004', 4);

-- A-002 lines (1050 sqft)
INSERT INTO invoice_line_items (id, invoice_id, society_id, charge_head_id, description, area_sqft, rate, quantity, amount, gst_rate, gst_amount, total_amount, income_account_id, sort_order) VALUES
  ('71000000-0000-0000-0002-000000000001', '70000000-0000-0000-0000-00000000a002', 'a0000000-0000-0000-0000-000000000001', '60000000-0000-0000-0000-000000000001', 'Maintenance (1050 sqft x 3.50)', 1050, 3.50, 1, 3675.00, 0, 0, 3675.00, '50000000-0000-0000-0000-000000003001', 1),
  ('71000000-0000-0000-0002-000000000002', '70000000-0000-0000-0000-00000000a002', 'a0000000-0000-0000-0000-000000000001', '60000000-0000-0000-0000-000000000002', 'Sinking Fund (1050 sqft x 1.00)', 1050, 1.00, 1, 1050.00, 0, 0, 1050.00, '50000000-0000-0000-0000-000000003002', 2),
  ('71000000-0000-0000-0002-000000000003', '70000000-0000-0000-0000-00000000a002', 'a0000000-0000-0000-0000-000000000001', '60000000-0000-0000-0000-000000000003', 'Water Charges', NULL, 500.00, 1, 500.00, 0, 0, 500.00, '50000000-0000-0000-0000-000000003003', 3),
  ('71000000-0000-0000-0002-000000000004', '70000000-0000-0000-0000-00000000a002', 'a0000000-0000-0000-0000-000000000001', '60000000-0000-0000-0000-000000000004', 'Parking Charges', NULL, 300.00, 1, 300.00, 0, 0, 300.00, '50000000-0000-0000-0000-000000003004', 4);

-- A-301 lines (1200 sqft)
INSERT INTO invoice_line_items (id, invoice_id, society_id, charge_head_id, description, area_sqft, rate, quantity, amount, gst_rate, gst_amount, total_amount, income_account_id, sort_order) VALUES
  ('71000000-0000-0000-0007-000000000001', '70000000-0000-0000-0000-00000000a301', 'a0000000-0000-0000-0000-000000000001', '60000000-0000-0000-0000-000000000001', 'Maintenance (1200 sqft x 3.50)', 1200, 3.50, 1, 4200.00, 0, 0, 4200.00, '50000000-0000-0000-0000-000000003001', 1),
  ('71000000-0000-0000-0007-000000000002', '70000000-0000-0000-0000-00000000a301', 'a0000000-0000-0000-0000-000000000001', '60000000-0000-0000-0000-000000000002', 'Sinking Fund (1200 sqft x 1.00)', 1200, 1.00, 1, 1200.00, 0, 0, 1200.00, '50000000-0000-0000-0000-000000003002', 2),
  ('71000000-0000-0000-0007-000000000003', '70000000-0000-0000-0000-00000000a301', 'a0000000-0000-0000-0000-000000000001', '60000000-0000-0000-0000-000000000003', 'Water Charges', NULL, 500.00, 1, 500.00, 0, 0, 500.00, '50000000-0000-0000-0000-000000003003', 3),
  ('71000000-0000-0000-0007-000000000004', '70000000-0000-0000-0000-00000000a301', 'a0000000-0000-0000-0000-000000000001', '60000000-0000-0000-0000-000000000004', 'Parking Charges', NULL, 300.00, 1, 300.00, 0, 0, 300.00, '50000000-0000-0000-0000-000000003004', 4);

-- A-401 lines (1500 sqft)
INSERT INTO invoice_line_items (id, invoice_id, society_id, charge_head_id, description, area_sqft, rate, quantity, amount, gst_rate, gst_amount, total_amount, income_account_id, sort_order) VALUES
  ('71000000-0000-0000-0009-000000000001', '70000000-0000-0000-0000-00000000a401', 'a0000000-0000-0000-0000-000000000001', '60000000-0000-0000-0000-000000000001', 'Maintenance (1500 sqft x 3.50)', 1500, 3.50, 1, 5250.00, 0, 0, 5250.00, '50000000-0000-0000-0000-000000003001', 1),
  ('71000000-0000-0000-0009-000000000002', '70000000-0000-0000-0000-00000000a401', 'a0000000-0000-0000-0000-000000000001', '60000000-0000-0000-0000-000000000002', 'Sinking Fund (1500 sqft x 1.00)', 1500, 1.00, 1, 1500.00, 0, 0, 1500.00, '50000000-0000-0000-0000-000000003002', 2),
  ('71000000-0000-0000-0009-000000000003', '70000000-0000-0000-0000-00000000a401', 'a0000000-0000-0000-0000-000000000001', '60000000-0000-0000-0000-000000000003', 'Water Charges', NULL, 500.00, 1, 500.00, 0, 0, 500.00, '50000000-0000-0000-0000-000000003003', 3),
  ('71000000-0000-0000-0009-000000000004', '70000000-0000-0000-0000-00000000a401', 'a0000000-0000-0000-0000-000000000001', '60000000-0000-0000-0000-000000000004', 'Parking Charges', NULL, 300.00, 1, 300.00, 0, 0, 300.00, '50000000-0000-0000-0000-000000003004', 4);

-- ============================================================
-- 15. JOURNAL ENTRIES + LEDGER ENTRIES (for paid invoices)
-- ============================================================

-- JE-1: A-001 invoice raised
INSERT INTO journal_entries (id, society_id, entry_number, date, narration, status, source_type, source_id, financial_year) VALUES
  ('80000000-0000-0000-0000-000000000001', 'a0000000-0000-0000-0000-000000000001', 'JE-2026-001', '2026-01-01', 'Invoice INV-2026-01-001 raised for A-001', 'posted', 'invoice', '70000000-0000-0000-0000-00000000a001', '2025-2026');

INSERT INTO ledger_entries (id, society_id, journal_entry_id, account_id, debit_credit, amount, date, narration, unit_id, member_id) VALUES
  ('81000000-0000-0000-0001-000000000001', 'a0000000-0000-0000-0000-000000000001', '80000000-0000-0000-0000-000000000001', '50000000-0000-0000-0000-000000001010', 'debit', 4625.00, '2026-01-01', 'AR A-001 Jan 2026', 'e0000000-0000-0000-0000-00000000a001', '10000000-0000-0000-0000-00000000a001'),
  ('81000000-0000-0000-0001-000000000002', 'a0000000-0000-0000-0000-000000000001', '80000000-0000-0000-0000-000000000001', '50000000-0000-0000-0000-000000003001', 'credit', 2975.00, '2026-01-01', 'Maintenance Income A-001', NULL, NULL),
  ('81000000-0000-0000-0001-000000000003', 'a0000000-0000-0000-0000-000000000001', '80000000-0000-0000-0000-000000000001', '50000000-0000-0000-0000-000000003002', 'credit', 850.00, '2026-01-01', 'Sinking Fund Income A-001', NULL, NULL),
  ('81000000-0000-0000-0001-000000000004', 'a0000000-0000-0000-0000-000000000001', '80000000-0000-0000-0000-000000000001', '50000000-0000-0000-0000-000000003003', 'credit', 500.00, '2026-01-01', 'Water Income A-001', NULL, NULL),
  ('81000000-0000-0000-0001-000000000005', 'a0000000-0000-0000-0000-000000000001', '80000000-0000-0000-0000-000000000001', '50000000-0000-0000-0000-000000003004', 'credit', 300.00, '2026-01-01', 'Parking Income A-001', NULL, NULL);

-- JE-2: A-001 payment received
INSERT INTO journal_entries (id, society_id, entry_number, date, narration, status, source_type, source_id, financial_year) VALUES
  ('80000000-0000-0000-0000-000000000002', 'a0000000-0000-0000-0000-000000000001', 'JE-2026-002', '2026-01-05', 'Payment received for A-001 Jan 2026', 'posted', 'payment', '90000000-0000-0000-0000-000000000001', '2025-2026');

INSERT INTO ledger_entries (id, society_id, journal_entry_id, account_id, debit_credit, amount, date, narration, unit_id, member_id) VALUES
  ('81000000-0000-0000-0002-000000000001', 'a0000000-0000-0000-0000-000000000001', '80000000-0000-0000-0000-000000000002', '50000000-0000-0000-0000-000000001001', 'debit', 4625.00, '2026-01-05', 'Bank receipt A-001', NULL, NULL),
  ('81000000-0000-0000-0002-000000000002', 'a0000000-0000-0000-0000-000000000001', '80000000-0000-0000-0000-000000000002', '50000000-0000-0000-0000-000000001010', 'credit', 4625.00, '2026-01-05', 'AR cleared A-001', 'e0000000-0000-0000-0000-00000000a001', '10000000-0000-0000-0000-00000000a001');

-- JE-3: A-301 invoice raised
INSERT INTO journal_entries (id, society_id, entry_number, date, narration, status, source_type, source_id, financial_year) VALUES
  ('80000000-0000-0000-0000-000000000003', 'a0000000-0000-0000-0000-000000000001', 'JE-2026-003', '2026-01-01', 'Invoice INV-2026-01-007 raised for A-301', 'posted', 'invoice', '70000000-0000-0000-0000-00000000a301', '2025-2026');

INSERT INTO ledger_entries (id, society_id, journal_entry_id, account_id, debit_credit, amount, date, narration, unit_id, member_id) VALUES
  ('81000000-0000-0000-0003-000000000001', 'a0000000-0000-0000-0000-000000000001', '80000000-0000-0000-0000-000000000003', '50000000-0000-0000-0000-000000001010', 'debit', 6200.00, '2026-01-01', 'AR A-301 Jan 2026', 'e0000000-0000-0000-0000-00000000a301', '10000000-0000-0000-0000-00000000a301'),
  ('81000000-0000-0000-0003-000000000002', 'a0000000-0000-0000-0000-000000000001', '80000000-0000-0000-0000-000000000003', '50000000-0000-0000-0000-000000003001', 'credit', 4200.00, '2026-01-01', 'Maintenance Income A-301', NULL, NULL),
  ('81000000-0000-0000-0003-000000000003', 'a0000000-0000-0000-0000-000000000001', '80000000-0000-0000-0000-000000000003', '50000000-0000-0000-0000-000000003002', 'credit', 1200.00, '2026-01-01', 'Sinking Fund Income A-301', NULL, NULL),
  ('81000000-0000-0000-0003-000000000004', 'a0000000-0000-0000-0000-000000000001', '80000000-0000-0000-0000-000000000003', '50000000-0000-0000-0000-000000003003', 'credit', 500.00, '2026-01-01', 'Water Income A-301', NULL, NULL),
  ('81000000-0000-0000-0003-000000000005', 'a0000000-0000-0000-0000-000000000001', '80000000-0000-0000-0000-000000000003', '50000000-0000-0000-0000-000000003004', 'credit', 300.00, '2026-01-01', 'Parking Income A-301', NULL, NULL);

-- JE-4: A-301 payment received
INSERT INTO journal_entries (id, society_id, entry_number, date, narration, status, source_type, source_id, financial_year) VALUES
  ('80000000-0000-0000-0000-000000000004', 'a0000000-0000-0000-0000-000000000001', 'JE-2026-004', '2026-01-08', 'Payment received for A-301 Jan 2026', 'posted', 'payment', '90000000-0000-0000-0000-000000000003', '2025-2026');

INSERT INTO ledger_entries (id, society_id, journal_entry_id, account_id, debit_credit, amount, date, narration, unit_id, member_id) VALUES
  ('81000000-0000-0000-0004-000000000001', 'a0000000-0000-0000-0000-000000000001', '80000000-0000-0000-0000-000000000004', '50000000-0000-0000-0000-000000001001', 'debit', 6200.00, '2026-01-08', 'Bank receipt A-301', NULL, NULL),
  ('81000000-0000-0000-0004-000000000002', 'a0000000-0000-0000-0000-000000000001', '80000000-0000-0000-0000-000000000004', '50000000-0000-0000-0000-000000001010', 'credit', 6200.00, '2026-01-08', 'AR cleared A-301', 'e0000000-0000-0000-0000-00000000a301', '10000000-0000-0000-0000-00000000a301');

-- ============================================================
-- 16. PAYMENTS
-- ============================================================
INSERT INTO payments (id, society_id, invoice_id, unit_id, member_id, receipt_number, amount, payment_date, payment_method, status, journal_entry_id) VALUES
  ('90000000-0000-0000-0000-000000000001', 'a0000000-0000-0000-0000-000000000001', '70000000-0000-0000-0000-00000000a001', 'e0000000-0000-0000-0000-00000000a001', '10000000-0000-0000-0000-00000000a001', 'RCT-2026-001', 4625.00, '2026-01-05', 'upi', 'captured', '80000000-0000-0000-0000-000000000002'),
  ('90000000-0000-0000-0000-000000000002', 'a0000000-0000-0000-0000-000000000001', '70000000-0000-0000-0000-00000000a002', 'e0000000-0000-0000-0000-00000000a002', '10000000-0000-0000-0000-00000000a002', 'RCT-2026-002', 5525.00, '2026-01-04', 'razorpay', 'captured', NULL),
  ('90000000-0000-0000-0000-000000000003', 'a0000000-0000-0000-0000-000000000001', '70000000-0000-0000-0000-00000000a101', 'e0000000-0000-0000-0000-00000000a101', '10000000-0000-0000-0000-00000000a101', 'RCT-2026-003', 4625.00, '2026-01-06', 'neft', 'captured', NULL),
  ('90000000-0000-0000-0000-000000000004', 'a0000000-0000-0000-0000-000000000001', '70000000-0000-0000-0000-00000000a201', 'e0000000-0000-0000-0000-00000000a201', '10000000-0000-0000-0000-00000000a201', 'RCT-2026-004', 4625.00, '2026-01-03', 'cheque', 'captured', NULL),
  ('90000000-0000-0000-0000-000000000005', 'a0000000-0000-0000-0000-000000000001', '70000000-0000-0000-0000-00000000a301', 'e0000000-0000-0000-0000-00000000a301', '10000000-0000-0000-0000-00000000a301', 'RCT-2026-005', 6200.00, '2026-01-08', 'upi', 'captured', '80000000-0000-0000-0000-000000000004'),
  ('90000000-0000-0000-0000-000000000006', 'a0000000-0000-0000-0000-000000000001', '70000000-0000-0000-0000-00000000a302', 'e0000000-0000-0000-0000-00000000a302', '10000000-0000-0000-0000-00000000a302', 'RCT-2026-006', 3000.00, '2026-01-12', 'cash', 'captured', NULL),
  ('90000000-0000-0000-0000-000000000007', 'a0000000-0000-0000-0000-000000000001', '70000000-0000-0000-0000-00000000a401', 'e0000000-0000-0000-0000-00000000a401', '10000000-0000-0000-0000-00000000a401', 'RCT-2026-007', 7550.00, '2026-01-07', 'razorpay', 'captured', NULL),
  ('90000000-0000-0000-0000-000000000008', 'a0000000-0000-0000-0000-000000000001', '70000000-0000-0000-0000-00000000b001', 'e0000000-0000-0000-0000-00000000b001', '10000000-0000-0000-0000-00000000b001', 'RCT-2026-008', 4850.00, '2026-01-09', 'neft', 'captured', NULL),
  ('90000000-0000-0000-0000-000000000009', 'a0000000-0000-0000-0000-000000000001', '70000000-0000-0000-0000-00000000b101', 'e0000000-0000-0000-0000-00000000b101', '10000000-0000-0000-0000-00000000b101', 'RCT-2026-009', 4850.00, '2026-01-10', 'upi', 'captured', NULL);

-- ============================================================
-- 17. ANNOUNCEMENTS / NOTICES
-- ============================================================
INSERT INTO announcements (id, society_id, title, body, category, send_email, send_whatsapp, is_pinned, published_at, created_by) VALUES
  ('a1000000-0000-0000-0000-000000000001', 'a0000000-0000-0000-0000-000000000001',
   'Annual General Meeting Notice',
   'Dear Members, the Annual General Meeting of Demo Society will be held on 15th February 2026 at 6:00 PM in the community hall. Agenda: 1) Approval of last year''s accounts 2) Budget for FY 2026-27 3) Election of new committee members. Your presence is requested.',
   'meeting', true, true, true, '2026-01-20 10:00:00+05:30', '47751e2b-522b-41db-a519-d2f2756473d1'),
  ('a1000000-0000-0000-0000-000000000002', 'a0000000-0000-0000-0000-000000000001',
   'Water Tank Cleaning - 25th Jan',
   'The overhead water tanks of all wings will be cleaned on 25th January 2026. Water supply will be interrupted from 10:00 AM to 4:00 PM. Please store sufficient water for the day.',
   'maintenance', true, true, false, '2026-01-18 09:00:00+05:30', '47751e2b-522b-41db-a519-d2f2756473d1'),
  ('a1000000-0000-0000-0000-000000000003', 'a0000000-0000-0000-0000-000000000001',
   'Republic Day Celebration',
   'Demo Society invites all residents for the Republic Day celebration on 26th January at 8:00 AM near the garden area. Flag hoisting followed by cultural program and breakfast.',
   'event', true, true, false, '2026-01-22 11:00:00+05:30', '47751e2b-522b-41db-a519-d2f2756473d1'),
  ('a1000000-0000-0000-0000-000000000004', 'a0000000-0000-0000-0000-000000000001',
   'Maintenance Due Reminder - January 2026',
   'This is a reminder that maintenance dues for January 2026 are overdue. Members with outstanding payments are requested to clear their dues immediately to avoid interest charges (18% p.a. after 15-day grace period).',
   'financial', true, true, true, '2026-01-25 10:00:00+05:30', '47751e2b-522b-41db-a519-d2f2756473d1');

-- ============================================================
-- 18. COMPLAINTS
-- ============================================================
INSERT INTO complaints (id, society_id, complaint_number, unit_id, raised_by, title, description, category, priority, status, sla_hours, resolved_at, resolution) VALUES
  ('a2000000-0000-0000-0000-000000000001', 'a0000000-0000-0000-0000-000000000001', 'CMP-2026-001', 'e0000000-0000-0000-0000-00000000a101', 'f0000000-0000-0000-0000-000000000003',
   'Water leakage from ceiling', 'There is continuous water leakage from the bathroom ceiling of flat A-101. The plaster is also getting damaged. Please send a plumber urgently.',
   'plumbing', 'high', 'resolved', 24, '2026-01-10 14:00:00+05:30', 'Plumber fixed the leaking pipe in A-201 bathroom. Ceiling patch work scheduled for next week.'),
  ('a2000000-0000-0000-0000-000000000002', 'a0000000-0000-0000-0000-000000000001', 'CMP-2026-002', 'e0000000-0000-0000-0000-00000000b001', 'f0000000-0000-0000-0000-000000000010',
   'Lift not working in Wing B', 'The lift in Wing B has been out of order since yesterday evening. Senior citizens are facing difficulty climbing stairs.',
   'electrical', 'urgent', 'in_progress', 4, NULL, NULL),
  ('a2000000-0000-0000-0000-000000000003', 'a0000000-0000-0000-0000-000000000001', 'CMP-2026-003', NULL, 'f0000000-0000-0000-0000-000000000005',
   'Stray dogs in parking area', 'Multiple stray dogs have been spotted in the basement parking area. They are barking at night and have become aggressive. Please arrange for animal control.',
   'security', 'medium', 'open', 48, NULL, NULL),
  ('a2000000-0000-0000-0000-000000000004', 'a0000000-0000-0000-0000-000000000001', 'CMP-2026-004', 'e0000000-0000-0000-0000-00000000c101', 'f0000000-0000-0000-0000-000000000022',
   'Garden lights not working', 'The pathway lights near Wing C garden area are not working for the past 3 days. It is very dark and unsafe for evening walkers.',
   'electrical', 'medium', 'assigned', 72, NULL, NULL);

-- Complaint assignments
INSERT INTO complaint_assignments (id, complaint_id, society_id, assigned_to, assigned_by) VALUES
  ('a3000000-0000-0000-0000-000000000001', 'a2000000-0000-0000-0000-000000000002', 'a0000000-0000-0000-0000-000000000001', 'f0000000-0000-0000-0000-000000000004', '47751e2b-522b-41db-a519-d2f2756473d1'),
  ('a3000000-0000-0000-0000-000000000002', 'a2000000-0000-0000-0000-000000000004', 'a0000000-0000-0000-0000-000000000001', 'f0000000-0000-0000-0000-000000000005', '47751e2b-522b-41db-a519-d2f2756473d1');

COMMIT;
