-- RWA ERP Demo Data Seed Script
-- Society: Demo Society with 3 blocks, full occupancy

BEGIN;

-- ============================================================
-- 1. SOCIETY
-- ============================================================
INSERT INTO societies (id, name, registration_number, address, city, state, pincode, phone, email,
  gst_number, pan_number, financial_year_start_month, late_payment_interest_rate, late_payment_grace_days,
  billing_due_day, is_gst_registered, settings, is_active)
VALUES (
  'a0000000-0000-0000-0000-000000000001',
  'Demo Society',
  'MH/HSG/2020/12345',
  '42, Senapati Bapat Marg, Dadar West',
  'Mumbai',
  'Maharashtra',
  '400028',
  '+912224567890',
  'admin@demosociety.in',
  '27AABCD1234E1Z5',
  'AABCD1234E',
  4, 18.00, 15, 10, true,
  '{"whatsappEnabled": true, "emailEnabled": true, "autoReminders": true, "reminderDaysBefore": [5, 1], "reminderDaysAfter": [7, 15, 30]}',
  true
);

-- ============================================================
-- 2. LINK EXISTING USER AS SOCIETY ADMIN
-- ============================================================
INSERT INTO user_society_roles (id, user_id, society_id, role, is_default)
VALUES (
  'b0000000-0000-0000-0000-000000000001',
  '47751e2b-522b-41db-a519-d2f2756473d1',
  'a0000000-0000-0000-0000-000000000001',
  'society_admin',
  true
);

-- ============================================================
-- 3. BLOCKS (A, B, C)
-- ============================================================
INSERT INTO blocks (id, society_id, name, code, total_floors, sort_order) VALUES
  ('c0000000-0000-0000-0000-000000000001', 'a0000000-0000-0000-0000-000000000001', 'Wing A', 'A', 5, 1),
  ('c0000000-0000-0000-0000-000000000002', 'a0000000-0000-0000-0000-000000000001', 'Wing B', 'B', 5, 2),
  ('c0000000-0000-0000-0000-000000000003', 'a0000000-0000-0000-0000-000000000001', 'Wing C', 'C', 4, 3);

-- ============================================================
-- 4. FLOORS
-- ============================================================
-- Wing A: 5 floors (Ground + 1-4)
INSERT INTO floors (id, block_id, society_id, floor_number, name) VALUES
  ('d0000000-0000-0000-0000-0000000001a0', 'c0000000-0000-0000-0000-000000000001', 'a0000000-0000-0000-0000-000000000001', 0, 'Ground Floor'),
  ('d0000000-0000-0000-0000-0000000001a1', 'c0000000-0000-0000-0000-000000000001', 'a0000000-0000-0000-0000-000000000001', 1, '1st Floor'),
  ('d0000000-0000-0000-0000-0000000001a2', 'c0000000-0000-0000-0000-000000000001', 'a0000000-0000-0000-0000-000000000001', 2, '2nd Floor'),
  ('d0000000-0000-0000-0000-0000000001a3', 'c0000000-0000-0000-0000-000000000001', 'a0000000-0000-0000-0000-000000000001', 3, '3rd Floor'),
  ('d0000000-0000-0000-0000-0000000001a4', 'c0000000-0000-0000-0000-000000000001', 'a0000000-0000-0000-0000-000000000001', 4, '4th Floor');

-- Wing B: 5 floors
INSERT INTO floors (id, block_id, society_id, floor_number, name) VALUES
  ('d0000000-0000-0000-0000-0000000002b0', 'c0000000-0000-0000-0000-000000000002', 'a0000000-0000-0000-0000-000000000001', 0, 'Ground Floor'),
  ('d0000000-0000-0000-0000-0000000002b1', 'c0000000-0000-0000-0000-000000000002', 'a0000000-0000-0000-0000-000000000001', 1, '1st Floor'),
  ('d0000000-0000-0000-0000-0000000002b2', 'c0000000-0000-0000-0000-000000000002', 'a0000000-0000-0000-0000-000000000001', 2, '2nd Floor'),
  ('d0000000-0000-0000-0000-0000000002b3', 'c0000000-0000-0000-0000-000000000002', 'a0000000-0000-0000-0000-000000000001', 3, '3rd Floor'),
  ('d0000000-0000-0000-0000-0000000002b4', 'c0000000-0000-0000-0000-000000000002', 'a0000000-0000-0000-0000-000000000001', 4, '4th Floor');

-- Wing C: 4 floors
INSERT INTO floors (id, block_id, society_id, floor_number, name) VALUES
  ('d0000000-0000-0000-0000-0000000003c0', 'c0000000-0000-0000-0000-000000000003', 'a0000000-0000-0000-0000-000000000001', 0, 'Ground Floor'),
  ('d0000000-0000-0000-0000-0000000003c1', 'c0000000-0000-0000-0000-000000000003', 'a0000000-0000-0000-0000-000000000001', 1, '1st Floor'),
  ('d0000000-0000-0000-0000-0000000003c2', 'c0000000-0000-0000-0000-000000000003', 'a0000000-0000-0000-0000-000000000001', 2, '2nd Floor'),
  ('d0000000-0000-0000-0000-0000000003c3', 'c0000000-0000-0000-0000-000000000003', 'a0000000-0000-0000-0000-000000000001', 3, '3rd Floor');

-- ============================================================
-- 5. UNITS (2 per floor per wing = 28 units total)
-- ============================================================
-- Wing A units (A-001 to A-010, 2 per floor)
INSERT INTO units (id, society_id, block_id, floor_id, unit_number, unit_type, area_sqft, occupancy_status, is_billable) VALUES
  ('e0000000-0000-0000-0000-00000000a001', 'a0000000-0000-0000-0000-000000000001', 'c0000000-0000-0000-0000-000000000001', 'd0000000-0000-0000-0000-0000000001a0', 'A-001', 'apartment', 850.00, 'owner_occupied', true),
  ('e0000000-0000-0000-0000-00000000a002', 'a0000000-0000-0000-0000-000000000001', 'c0000000-0000-0000-0000-000000000001', 'd0000000-0000-0000-0000-0000000001a0', 'A-002', 'apartment', 1050.00, 'tenant_occupied', true),
  ('e0000000-0000-0000-0000-00000000a101', 'a0000000-0000-0000-0000-000000000001', 'c0000000-0000-0000-0000-000000000001', 'd0000000-0000-0000-0000-0000000001a1', 'A-101', 'apartment', 850.00, 'owner_occupied', true),
  ('e0000000-0000-0000-0000-00000000a102', 'a0000000-0000-0000-0000-000000000001', 'c0000000-0000-0000-0000-000000000001', 'd0000000-0000-0000-0000-0000000001a1', 'A-102', 'apartment', 1050.00, 'owner_occupied', true),
  ('e0000000-0000-0000-0000-00000000a201', 'a0000000-0000-0000-0000-000000000001', 'c0000000-0000-0000-0000-000000000001', 'd0000000-0000-0000-0000-0000000001a2', 'A-201', 'apartment', 850.00, 'owner_occupied', true),
  ('e0000000-0000-0000-0000-00000000a202', 'a0000000-0000-0000-0000-000000000001', 'c0000000-0000-0000-0000-000000000001', 'd0000000-0000-0000-0000-0000000001a2', 'A-202', 'apartment', 1050.00, 'tenant_occupied', true),
  ('e0000000-0000-0000-0000-00000000a301', 'a0000000-0000-0000-0000-000000000001', 'c0000000-0000-0000-0000-000000000001', 'd0000000-0000-0000-0000-0000000001a3', 'A-301', 'apartment', 1200.00, 'owner_occupied', true),
  ('e0000000-0000-0000-0000-00000000a302', 'a0000000-0000-0000-0000-000000000001', 'c0000000-0000-0000-0000-000000000001', 'd0000000-0000-0000-0000-0000000001a3', 'A-302', 'apartment', 1200.00, 'owner_occupied', true),
  ('e0000000-0000-0000-0000-00000000a401', 'a0000000-0000-0000-0000-000000000001', 'c0000000-0000-0000-0000-000000000001', 'd0000000-0000-0000-0000-0000000001a4', 'A-401', 'apartment', 1500.00, 'owner_occupied', true),
  ('e0000000-0000-0000-0000-00000000a402', 'a0000000-0000-0000-0000-000000000001', 'c0000000-0000-0000-0000-000000000001', 'd0000000-0000-0000-0000-0000000001a4', 'A-402', 'apartment', 1500.00, 'vacant', true);

-- Wing B units (B-001 to B-010)
INSERT INTO units (id, society_id, block_id, floor_id, unit_number, unit_type, area_sqft, occupancy_status, is_billable) VALUES
  ('e0000000-0000-0000-0000-00000000b001', 'a0000000-0000-0000-0000-000000000001', 'c0000000-0000-0000-0000-000000000002', 'd0000000-0000-0000-0000-0000000002b0', 'B-001', 'apartment', 900.00, 'owner_occupied', true),
  ('e0000000-0000-0000-0000-00000000b002', 'a0000000-0000-0000-0000-000000000001', 'c0000000-0000-0000-0000-000000000002', 'd0000000-0000-0000-0000-0000000002b0', 'B-002', 'apartment', 900.00, 'owner_occupied', true),
  ('e0000000-0000-0000-0000-00000000b101', 'a0000000-0000-0000-0000-000000000001', 'c0000000-0000-0000-0000-000000000002', 'd0000000-0000-0000-0000-0000000002b1', 'B-101', 'apartment', 900.00, 'tenant_occupied', true),
  ('e0000000-0000-0000-0000-00000000b102', 'a0000000-0000-0000-0000-000000000001', 'c0000000-0000-0000-0000-000000000002', 'd0000000-0000-0000-0000-0000000002b1', 'B-102', 'apartment', 1100.00, 'owner_occupied', true),
  ('e0000000-0000-0000-0000-00000000b201', 'a0000000-0000-0000-0000-000000000001', 'c0000000-0000-0000-0000-000000000002', 'd0000000-0000-0000-0000-0000000002b2', 'B-201', 'apartment', 900.00, 'owner_occupied', true),
  ('e0000000-0000-0000-0000-00000000b202', 'a0000000-0000-0000-0000-000000000001', 'c0000000-0000-0000-0000-000000000002', 'd0000000-0000-0000-0000-0000000002b2', 'B-202', 'apartment', 1100.00, 'owner_occupied', true),
  ('e0000000-0000-0000-0000-00000000b301', 'a0000000-0000-0000-0000-000000000001', 'c0000000-0000-0000-0000-000000000002', 'd0000000-0000-0000-0000-0000000002b3', 'B-301', 'apartment', 1100.00, 'owner_occupied', true),
  ('e0000000-0000-0000-0000-00000000b302', 'a0000000-0000-0000-0000-000000000001', 'c0000000-0000-0000-0000-000000000002', 'd0000000-0000-0000-0000-0000000002b3', 'B-302', 'apartment', 1100.00, 'tenant_occupied', true),
  ('e0000000-0000-0000-0000-00000000b401', 'a0000000-0000-0000-0000-000000000001', 'c0000000-0000-0000-0000-000000000002', 'd0000000-0000-0000-0000-0000000002b4', 'B-401', 'apartment', 1300.00, 'owner_occupied', true),
  ('e0000000-0000-0000-0000-00000000b402', 'a0000000-0000-0000-0000-000000000001', 'c0000000-0000-0000-0000-000000000002', 'd0000000-0000-0000-0000-0000000002b4', 'B-402', 'apartment', 1300.00, 'owner_occupied', true);

-- Wing C units (C-001 to C-008)
INSERT INTO units (id, society_id, block_id, floor_id, unit_number, unit_type, area_sqft, occupancy_status, is_billable) VALUES
  ('e0000000-0000-0000-0000-00000000c001', 'a0000000-0000-0000-0000-000000000001', 'c0000000-0000-0000-0000-000000000003', 'd0000000-0000-0000-0000-0000000003c0', 'C-001', 'shop', 500.00, 'tenant_occupied', true),
  ('e0000000-0000-0000-0000-00000000c002', 'a0000000-0000-0000-0000-000000000001', 'c0000000-0000-0000-0000-000000000003', 'd0000000-0000-0000-0000-0000000003c0', 'C-002', 'shop', 600.00, 'tenant_occupied', true),
  ('e0000000-0000-0000-0000-00000000c101', 'a0000000-0000-0000-0000-000000000001', 'c0000000-0000-0000-0000-000000000003', 'd0000000-0000-0000-0000-0000000003c1', 'C-101', 'apartment', 750.00, 'owner_occupied', true),
  ('e0000000-0000-0000-0000-00000000c102', 'a0000000-0000-0000-0000-000000000001', 'c0000000-0000-0000-0000-000000000003', 'd0000000-0000-0000-0000-0000000003c1', 'C-102', 'apartment', 750.00, 'owner_occupied', true),
  ('e0000000-0000-0000-0000-00000000c201', 'a0000000-0000-0000-0000-000000000001', 'c0000000-0000-0000-0000-000000000003', 'd0000000-0000-0000-0000-0000000003c2', 'C-201', 'apartment', 750.00, 'owner_occupied', true),
  ('e0000000-0000-0000-0000-00000000c202', 'a0000000-0000-0000-0000-000000000001', 'c0000000-0000-0000-0000-000000000003', 'd0000000-0000-0000-0000-0000000003c2', 'C-202', 'apartment', 750.00, 'vacant', true),
  ('e0000000-0000-0000-0000-00000000c301', 'a0000000-0000-0000-0000-000000000001', 'c0000000-0000-0000-0000-000000000003', 'd0000000-0000-0000-0000-0000000003c3', 'C-301', 'apartment', 950.00, 'owner_occupied', true),
  ('e0000000-0000-0000-0000-00000000c302', 'a0000000-0000-0000-0000-000000000001', 'c0000000-0000-0000-0000-000000000003', 'd0000000-0000-0000-0000-0000000003c3', 'C-302', 'apartment', 950.00, 'owner_occupied', true);

COMMIT;
